{
  "project_info": {
    "project_number": "00000000",
    "firebase_url": "https://coloring-book.firebaseio.com",
    "project_id": "coloring-book",
    "storage_bucket": "coloring-book.appspot.com"
  },
  "client": [
    {
      "client_info": {
        "mobilesdk_app_id": "1:00000000000:android:00000000000",
        "android_client_info": {
          "package_name": "com.Leenah.coloringbook"
        }
      },
      "oauth_client": [
        {
          "client_id": "00000000000-00000000000xxxxxxxxxxxxx.apps.googleusercontent.com",
          "client_type": 3
        }
      ],
      "api_key": [
        {
          "current_key": "AIza0xxxxxxxxxxxxxxxxxxxxxxxx"
        }
      ],
      "services": {
        "analytics_service": {
          "status": 1
        },
        "appinvite_service": {
          "status": 1,
          "other_platform_oauth_client": []
        },
        "ads_service": {
          "status": 2
        }
      }
    }
  ],
  "configuration_version": "1"
}