{
  "project_info": {
    "project_number": "881342495695",
    "project_id": "wallpaper-4afed",
    "storage_bucket": "wallpaper-4afed.appspot.com"
  },
  "client": [
    {
      "client_info": {
        "mobilesdk_app_id": "1:881342495695:android:b25a5f40c7f6d5d1eab0ba",
        "android_client_info": {
          "package_name": "com.example.wallpaperoffline"
        }
      },
      "oauth_client": [],
      "api_key": [
        {
          "current_key": "AIzaSyA-PERMRk4o7a2fDQDsA_Djn2HcAuijnUs"
        }
      ],
      "services": {
        "appinvite_service": {
          "other_platform_oauth_client": []
        }
      }
    }
  ],
  "configuration_version": "1"
}