{
  "project_info": {
    "project_number": "625745602881",
    "project_id": "fir-app-translator",
    "storage_bucket": "fir-app-translator.appspot.com"
  },
  "client": [
    {
      "client_info": {
        "mobilesdk_app_id": "1:625745602881:android:311afe67d394e0443519c0",
        "android_client_info": {
          "package_name": "com.yourbrand.translatelanguage.voicetranslate"
        }
      },
      "oauth_client": [],
      "api_key": [
        {
          "current_key": "AIzaSyCXCYuvy3idkfZh6TonI4o0zIUWL6Wfmhw"
        }
      ],
      "services": {
        "appinvite_service": {
          "other_platform_oauth_client": []
        }
      }
    }
  ],
  "configuration_version": "1"
}