[
  {
    "category_id": 2,
    "featured": 0,
    "priority": 200,
    "icon": "categoryTravel",
    "en_US": "While Traveling",
    "de": "Während der Reise",
    "sw": "Wakati wa kusafiri",
    "zh_CN": "外出旅行时",
    "da": "Mens de rejser",
    "cs": "Při cestování",
    "en_AU": "While Traveling",
    "zh_TW": "外出旅行時",
    "ar_SA": "أثناء السفر",
    "fr_CA": "Lors d’un voyage",
    "es_US": "Durante el viaje",
    "fr_FR": "Lors d’un voyage",
    "en_UK": "While Traveling",
    "es_MX": "Durante el viaje",
    "es_ES": "Durante el viaje",
    "hu": "Utazás közben",
    "uk": "Під час подорожі",
    "ar_EG": "أثناء السفر",
    "zh_HK": "外出旅行時",
    "pt_PT": "Durante a viagem",
    "ar_AE": "أثناء السفر",
    "pt_BR": "Durante a viagem",
    "tr": "Seyahat ederken",
    "ja": "旅行中",
    "fi": "Matkoilla",
    "sk": "Počas cestovania",
    "iw": "בעת נסיעה",
    "ms": "Semasa dalam perjalanan",
    "hr": "Tijekom putovanja",
    "vi": "Trong khi đi du lịch",
    "ca": "Durant el viatge",
    "th": "ขณะเดินทาง",
    "pl": "Podczas podróży",
    "sv": "När du reser",
    "id": "Saat Bepergian",
    "ro": "În timp ce călătoriţi",
    "nl": "Tijdens het reizen",
    "ko": "여행 하는 동안",
    "el": "Ενώ ταξιδεύετε",
    "it": "In viaggio",
    "no": "Mens du reiser",
    "hi": "जबकि यात्रा",
    "ru": "Во время путешествия"
  },
  {
    "category_id": 3,
    "featured": 0,
    "priority": 300,
    "icon": "categoryMedical",
    "en_US": "Help / Medical",
    "de": "Hilfe / Medizinisches",
    "sw": "Kusaidia / matibabu",
    "zh_CN": "帮助 / 医疗",
    "da": "Hjælpe / medicinsk",
    "cs": "Nápověda / lékařská",
    "en_AU": "Help / Medical",
    "zh_TW": "説明 / 醫療",
    "ar_SA": "مساعدة/طبية",
    "fr_CA": "Aide/médical",
    "es_US": "Ayuda médica",
    "fr_FR": "Aide/médical",
    "en_UK": "Help / Medical",
    "es_MX": "Ayuda médica",
    "es_ES": "Ayuda médica",
    "hu": "Súgó / orvosi",
    "uk": "Допомогти / медичні",
    "ar_EG": "مساعدة/طبية",
    "zh_HK": "説明 / 醫療",
    "pt_PT": "Ajuda / médico",
    "ar_AE": "مساعدة/طبية",
    "pt_BR": "Ajuda / Médico",
    "tr": "Yardım / tıp",
    "ja": "ヘルプ/医療",
    "fi": "Auttaa / Medical",
    "sk": "Pomoc / zdravotnícke",
    "iw": "עזרה / רפואי",
    "ms": "Membantu / perubatan",
    "hr": "Pomoći / medicinski",
    "vi": "Trợ giúp / y tế",
    "ca": "Ajuda / metge",
    "th": "ช่วยเหลือ / การแพทย์",
    "pl": "Pomoc / medycyna",
    "sv": "Hjälp / medicinsk",
    "id": "Bantuan / Medis",
    "ro": "Ajutor / medical",
    "nl": "Hulp / medisch",
    "ko": "도움말 / 의료",
    "el": "Βοήθεια / ιατρική",
    "it": "Aiuto / medico",
    "no": "Hjelp / medisinsk",
    "hi": "मदद / चिकित्सा",
    "ru": "Помощь / медицина"
  },
  {
    "category_id": 4,
    "featured": 0,
    "priority": 400,
    "icon": "categoryHotel",
    "en_US": "At the Hotel",
    "de": "Im Hotel",
    "sw": "Katika hoteli ya",
    "zh_CN": "在酒店",
    "da": "På hotellet",
    "cs": "V hotelu",
    "en_AU": "At the Hotel",
    "zh_TW": "酒店",
    "ar_SA": "في الفندق",
    "fr_CA": "À l'hôtel",
    "es_US": "En el hotel",
    "fr_FR": "À l'hôtel",
    "en_UK": "At the Hotel",
    "es_MX": "En el Hotel",
    "es_ES": "En el hotel",
    "hu": "A szállodában",
    "uk": "У готелі",
    "ar_EG": "في الفندق",
    "zh_HK": "酒店",
    "pt_PT": "No Hotel",
    "ar_AE": "في الفندق",
    "pt_BR": "No Hotel",
    "tr": "Otelde",
    "ja": "ホテルで",
    "fi": "At Hotel",
    "sk": "V hoteli",
    "iw": "במלון",
    "ms": "Di hotel",
    "hr": "U hotelu",
    "vi": "Tại khách sạn",
    "ca": "L'Hotel",
    "th": "ผู้เข้าพัก",
    "pl": "W hotelu",
    "sv": "På hotellet",
    "id": "Di Hotel",
    "ro": "La hotel",
    "nl": "In het Hotel",
    "ko": "호텔에서",
    "el": "Στο ξενοδοχείο",
    "it": "In albergo",
    "no": "På Hotel",
    "hi": "होटल में",
    "ru": "В отеле"
  },
  {
    "category_id": 5,
    "featured": 0,
    "priority": 500,
    "icon": "categoryRestaurant",
    "en_US": "At the Restaurant",
    "de": "Im Restaurant",
    "sw": "Kwenye mgahawa huo",
    "zh_CN": "在餐厅",
    "da": "På Restaurant",
    "cs": "V restauraci",
    "en_AU": "At the Restaurant",
    "zh_TW": "餐廳",
    "ar_SA": "في مطعم",
    "fr_CA": "Au Restaurant",
    "es_US": "En el restaurante",
    "fr_FR": "Au Restaurant",
    "en_UK": "At the Restaurant",
    "es_MX": "En el restaurante",
    "es_ES": "En el restaurante",
    "hu": "Az étteremben",
    "uk": "У ресторані",
    "ar_EG": "في مطعم",
    "zh_HK": "餐廳",
    "pt_PT": "No restaurante",
    "ar_AE": "في مطعم",
    "pt_BR": "No restaurante",
    "tr": "Restoranda",
    "ja": "レストランで",
    "fi": "Ravintola",
    "sk": "V reštaurácii",
    "iw": "במסעדה",
    "ms": "Di Restoran",
    "hr": "U restoranu",
    "vi": "Tại nhà hàng",
    "ca": "Al Restaurant",
    "th": "ที่ห้องอาหาร",
    "pl": "W restauracji",
    "sv": "På restaurangen",
    "id": "Di Restoran",
    "ro": "La restaurant",
    "nl": "In het Restaurant",
    "ko": "레스토랑에서",
    "el": "Στο εστιατόριο",
    "it": "Al ristorante",
    "no": "På restauranten",
    "hi": "रेस्टोरेंट में",
    "ru": "В ресторане"
  },
  {
    "category_id": 6,
    "featured": 0,
    "priority": 600,
    "icon": "categoryBar",
    "en_US": "At the Bar",
    "de": "An der Bar",
    "sw": "Katika Mwambaa wa",
    "zh_CN": "在酒吧",
    "da": "I baren",
    "cs": "V baru",
    "en_AU": "At the Bar",
    "zh_TW": "在酒吧",
    "ar_SA": "في الحانة",
    "fr_CA": "Au Bar",
    "es_US": "En el bar",
    "fr_FR": "Au Bar",
    "en_UK": "At the Bar",
    "es_MX": "En el Bar",
    "es_ES": "En el bar",
    "hu": "A bárban",
    "uk": "У барі",
    "ar_EG": "في الحانة",
    "zh_HK": "在酒吧",
    "pt_PT": "No Bar",
    "ar_AE": "في الحانة",
    "pt_BR": "No Bar",
    "tr": "Barda",
    "ja": "バーで",
    "fi": "Baarissa",
    "sk": "V bare",
    "iw": "בבר",
    "ms": "Di Bar",
    "hr": "U baru",
    "vi": "Tại quầy Bar",
    "ca": "Al Bar",
    "th": "ที่บาร์",
    "pl": "W barze",
    "sv": "I baren",
    "id": "Di Bar",
    "ro": "La bar",
    "nl": "In de Bar",
    "ko": "바에서",
    "el": "Στο μπαρ",
    "it": "Al Bar",
    "no": "I baren",
    "hi": "बार में",
    "ru": "В баре"
  },
  {
    "category_id": 7,
    "featured": 0,
    "priority": 700,
    "icon": "categoryStore",
    "en_US": "At the Store",
    "de": "Im Laden",
    "sw": "Katika duka la",
    "zh_CN": "在商店",
    "da": "I butikken",
    "cs": "V obchodě",
    "en_AU": "At the Store",
    "zh_TW": "在商店",
    "ar_SA": "في المتجر",
    "fr_CA": "Au magasin",
    "es_US": "En la tienda",
    "fr_FR": "Au magasin",
    "en_UK": "At the Store",
    "es_MX": "En la tienda",
    "es_ES": "En la tienda",
    "hu": "A boltban",
    "uk": "В магазині",
    "ar_EG": "في المتجر",
    "zh_HK": "在商店",
    "pt_PT": "Na loja",
    "ar_AE": "في المتجر",
    "pt_BR": "Na loja",
    "tr": "Mağazada",
    "ja": "店で",
    "fi": "Myymälässä",
    "sk": "V obchode",
    "iw": "בחנות",
    "ms": "Di kedai",
    "hr": "U trgovini",
    "vi": "Tại các cửa hàng",
    "ca": "A la botiga",
    "th": "ที่ร้าน",
    "pl": "W sklepie",
    "sv": "I butiken",
    "id": "Di Toko",
    "ro": "La magazin",
    "nl": "In de winkel",
    "ko": "가 게에서",
    "el": "Στο κατάστημα",
    "it": "In negozio",
    "no": "I butikken",
    "hi": "दुकान पर",
    "ru": "В магазине"
  },
  {
    "category_id": 8,
    "featured": 0,
    "priority": 800,
    "icon": "categoryWork",
    "en_US": "At Work",
    "de": "Bei der Arbeit",
    "sw": "Kazini",
    "zh_CN": "在工作",
    "da": "På arbejdspladsen",
    "cs": "V práci",
    "en_AU": "At Work",
    "zh_TW": "在工作",
    "ar_SA": "في مكان العمل",
    "fr_CA": "Au travail",
    "es_US": "En el trabajo",
    "fr_FR": "Au travail",
    "en_UK": "At Work",
    "es_MX": "En el trabajo",
    "es_ES": "En el trabajo",
    "hu": "A munka",
    "uk": "На роботі",
    "ar_EG": "في مكان العمل",
    "zh_HK": "在工作",
    "pt_PT": "No trabalho",
    "ar_AE": "في مكان العمل",
    "pt_BR": "No trabalho",
    "tr": "İş yerinde",
    "ja": "仕事で",
    "fi": "Työssä",
    "sk": "Pri práci",
    "iw": "בעבודה",
    "ms": "Di tempat kerja",
    "hr": "Na poslu",
    "vi": "Tại nơi làm việc",
    "ca": "En el treball",
    "th": "ที่ทำงาน",
    "pl": "W pracy",
    "sv": "På jobbet",
    "id": "Di Tempat Kerja",
    "ro": "La locul de muncă",
    "nl": "Op het werk",
    "ko": "직장에서",
    "el": "Στην εργασία",
    "it": "Al lavoro",
    "no": "På jobb",
    "hi": "काम पर",
    "ru": "На работе"
  },
  {
    "category_id": 9,
    "featured": 0,
    "priority": 900,
    "icon": "categoryTimeDate",
    "en_US": "Time, Date, Numbers",
    "de": "Uhrzeit, Datum, Zahlen",
    "sw": "Muda, tarehe, namba",
    "zh_CN": "时间、 日期、 数字",
    "da": "Tid, dato, antal",
    "cs": "Čas, datum, čísla",
    "en_AU": "Time, Date, Numbers",
    "zh_TW": "時間、 日期、 數位",
    "ar_SA": "الوقت، التاريخ،أرقام",
    "fr_CA": "Heure, Date, nombre",
    "es_US": "Hora, fecha, números",
    "fr_FR": "Heure, Date, nombre",
    "en_UK": "Time, Date, Numbers",
    "es_MX": "Hora, fecha, números",
    "es_ES": "Hora, fecha, números",
    "hu": "Idő, dátum, szám",
    "uk": "Час, дати, числа",
    "ar_EG": "الوقت، التاريخ،أرقام",
    "zh_HK": "時間、 日期、 數位",
    "pt_PT": "Tempo, data, números",
    "ar_AE": "الوقت، التاريخ،أرقام",
    "pt_BR": "Hora, data, números",
    "tr": "Saat, Tarih, sayılar",
    "ja": "時間、日付、番号",
    "fi": "Kellonaika, päiväys, numerot",
    "sk": "Čas, dátum, čísla",
    "iw": "זמן, תאריך, מספרים",
    "ms": "Masa, tarikh, nombor",
    "hr": "Vremena, datuma, brojeva",
    "vi": "Thời gian, ngày tháng, số điện thoại",
    "ca": "Hora, dia, números",
    "th": "เวลา วัน ตัวเลข",
    "pl": "Czas, data, numery",
    "sv": "Tid, datum, siffror",
    "id": "Waktu, Tanggal, Nomor",
    "ro": "Ora, data, numere",
    "nl": "Tijd, Datum, Getallen",
    "ko": "시간, 날짜, 숫자",
    "el": "Χρόνος, ημερομηνία, αριθμό",
    "it": "Ora, data, numeri",
    "no": "Tid, dato, tall",
    "hi": "समय, दिनांक, संख्या",
    "ru": "Время, дата, числа"
  },
  {
    "category_id": 10,
    "featured": 0,
    "priority": 100,
    "icon": "categoryEducation",
    "en_US": "Education",
    "de": "Bildung",
    "sw": "Elimu",
    "zh_CN": "教育",
    "da": "Uddannelse",
    "cs": "Vzdělávání",
    "en_AU": "Education",
    "zh_TW": "教育",
    "ar_SA": "التعليم",
    "fr_CA": "Éducation",
    "es_US": "Educación",
    "fr_FR": "Éducation",
    "en_UK": "Education",
    "es_MX": "Educación",
    "es_ES": "Educación",
    "hu": "Oktatás",
    "uk": "Освіта",
    "ar_EG": "التعليم",
    "zh_HK": "教育",
    "pt_PT": "Educação",
    "ar_AE": "التعليم",
    "pt_BR": "Educação",
    "tr": "Eğitim",
    "ja": "教育",
    "fi": "Koulutus",
    "sk": "Vzdelávanie",
    "iw": "חינוך",
    "ms": "Pendidikan",
    "hr": "Obrazovanje",
    "vi": "Giáo dục",
    "ca": "Educació",
    "th": "การศึกษา",
    "pl": "Edukacja",
    "sv": "Utbildning",
    "id": "Pendidikan",
    "ro": "Educație",
    "nl": "Onderwijs",
    "ko": "교육",
    "el": "Εκπαίδευση",
    "it": "Istruzione",
    "no": "Utdanning",
    "hi": "शिक्षा",
    "ru": "Образование"
  },
  {
    "category_id": 1,
    "featured": 0,
    "priority": 100,
    "icon": "categoryEssentials",
    "en_US": "Essentials",
    "de": "Nützliches",
    "sw": "Muhimu",
    "zh_CN": "要点",
    "da": "Essentials",
    "cs": "Základy",
    "en_AU": "Essentials",
    "zh_TW": "必備",
    "ar_SA": "أساسيات",
    "fr_CA": "Bases",
    "es_US": "Esenciales",
    "fr_FR": "Bases",
    "en_UK": "Essentials",
    "es_MX": "Essentials",
    "es_ES": "Esenciales",
    "hu": "Essentials",
    "uk": "Essentials",
    "ar_EG": "أساسيات",
    "zh_HK": "要點",
    "pt_PT": "Essenciais",
    "ar_AE": "أساسيات",
    "pt_BR": "Fundamentos",
    "tr": "Temel parçalar",
    "ja": "必需品",
    "fi": "Essentials",
    "sk": "Základy",
    "iw": "יסודות",
    "ms": "Ciri_ciri utama",
    "hr": "Osnove",
    "vi": "Yếu tố cần thiết",
    "ca": "Elements essencials",
    "th": "สิ่งจำเป็นสำหรับ",
    "pl": "Podstawy",
    "sv": "Viktigaste",
    "id": "Esensial",
    "ro": "Noțiuni de bază",
    "nl": "Essentials",
    "ko": "요점",
    "el": "Βασικά στοιχεία",
    "it": "Essenziali",
    "no": "Vesentlige",
    "hi": "आवश्यकताएँ",
    "ru": "Основы"
  },
  {
    "category_id": 11,
    "featured": 0,
    "priority": 100,
    "icon": "categoryEntertainment",
    "en_US": "Entertainment",
    "de": "Unterhaltung",
    "sw": "Burudani",
    "zh_CN": "娛樂",
    "da": "Underholdning",
    "cs": "Zábava",
    "en_AU": "Entertainment",
    "zh_TW": "娛樂",
    "ar_SA": "الترفيه",
    "fr_CA": "Divertissement",
    "es_US": "Entretenimiento",
    "fr_FR": "Divertissement",
    "en_UK": "Entertainment",
    "es_MX": "Entretenimiento",
    "es_ES": "Entretenimiento",
    "hu": "Szórakozás",
    "uk": "Розваги",
    "ar_EG": "الترفيه",
    "zh_HK": "娛樂",
    "pt_PT": "Entretenimento",
    "ar_AE": "الترفيه",
    "pt_BR": "Entretenimento",
    "tr": "Eğlence",
    "ja": "エンターテイメント",
    "fi": "Viihde",
    "sk": "Zábava",
    "iw": "בידור",
    "ms": "Hiburan",
    "hr": "Zabava",
    "vi": "Giải trí",
    "ca": "Entreteniment",
    "th": "ความบันเทิง",
    "pl": "Rozrywka",
    "sv": "Underhållning",
    "id": "Hiburan",
    "ro": "Divertisment",
    "nl": "Vermaak",
    "ko": "엔터테인먼트",
    "el": "Ψυχαγωγία",
    "it": "Parco",
    "no": "Underholdning",
    "hi": "मनोरंजन",
    "ru": "Развлечения"
  },
  {
    "category_id": 12,
    "featured": 0,
    "priority": 100,
    "icon": "categoryAroundTown",
    "en_US": "Around Town",
    "de": "In der Stadt",
    "sw": "Karibu na Mji",
    "zh_CN": "城鎮周邊",
    "da": "Rundt omkring i byen",
    "cs": "Kolem města",
    "en_AU": "Around Town",
    "zh_TW": "城鎮周邊",
    "ar_SA": "حول المدينة",
    "fr_CA": "Autour de la ville",
    "es_US": "Por la ciudad",
    "fr_FR": "Autour de la ville",
    "en_UK": "Around Town",
    "es_MX": "Por la ciudad",
    "es_ES": "Por la ciudad",
    "hu": "Város körül",
    "uk": "Навколо міста",
    "ar_EG": "حول المدينة",
    "zh_HK": "城鎮周邊",
    "pt_PT": "Pela cidade",
    "ar_AE": "حول المدينة",
    "pt_BR": "Pela cidade",
    "tr": "Şehir Çevresi",
    "ja": "町の周り",
    "fi": "Kaupungin ympäri",
    "sk": "Okolo mesta",
    "iw": "מסביב לעיר",
    "ms": "Di sekitar Bandar",
    "hr": "Oko grada",
    "vi": "Xung quanh Thị trấn",
    "ca": "Al voltant de la ciutat",
    "th": "รอบเมือง",
    "pl": "Wokół miasta",
    "sv": "Runt staden",
    "id": "Keliling Kota",
    "ro": "În jurul orașului",
    "nl": "In de stad",
    "ko": "마을 주변",
    "el": "Γύρω από την πόλη",
    "it": "In giro per la città",
    "no": "Rundt byen",
    "hi": "टाउन के आसपास",
    "ru": "По городу"
  },
  {
    "category_id": 13,
    "featured": 0,
    "priority": 100,
    "icon": "categoryCommonProblem",
    "en_US": "Common Problem",
    "de": "Häufiges Problem",
    "sw": "Shida ya Kawaida",
    "zh_CN": "常见问题",
    "da": "Almindeligt problem",
    "cs": "Běžný problém",
    "en_AU": "Common Problem",
    "zh_TW": "常見問題",
    "ar_SA": "مشكلة شائعة",
    "fr_CA": "Problème commun",
    "es_US": "Problema comun",
    "fr_FR": "Problème commun",
    "en_UK": "Common Problem",
    "es_MX": "Problema comun",
    "es_ES": "Problema comun",
    "hu": "Gyakori probléma",
    "uk": "Загальна проблема",
    "ar_EG": "مشكلة شائعة",
    "zh_HK": "常见问题",
    "pt_PT": "Problema comum",
    "ar_AE": "مشكلة شائعة",
    "pt_BR": "Problema comune",
    "tr": "Yaygın Sorun",
    "ja": "よくある問題",
    "fi": "Yleinen ongelma",
    "sk": "Spoločný problém",
    "iw": "בעיה נפוצה",
    "ms": "Masalah Biasa",
    "hr": "Uobičajeni problem",
    "vi": "Vấn đề thường gặp",
    "ca": "Problema comú",
    "th": "ปัญหาทั่วไป",
    "pl": "Powszechny problem",
    "sv": "Vanligt problem",
    "id": "Masalah Umum",
    "ro": "Problema obisnuita",
    "nl": "Vaak voorkomend probleem",
    "ko": "일반적인 문제",
    "el": "Κοινό πρόβλημα",
    "it": "Problema comune",
    "no": "Vanlig problem",
    "hi": "आम समस्या",
    "ru": "Общая проблема"
  }
]