[
 {
   "section_id": 1,
   "category_id": 1,
   "priority": 500,
   "en_US": "Greeting",
   "de": "Gruß",
   "sw": "Salamu",
   "zh_CN": "问候语",
   "da": "Hilsen",
   "cs": "Pozdrav",
   "en_AU": "Greeting",
   "zh_TW": "問候語",
   "ar_SA": "تحية",
   "fr_CA": "Salutation",
   "es_US": "Saludo",
   "fr_FR": "Salutation",
   "en_UK": "Greeting",
   "es_MX": "Saludo",
   "es_ES": "Saludo",
   "hu": "Üdvözlet",
   "uk": "Привітання",
   "ar_EG": "تحية",
   "zh_HK": "问候语",
   "pt_PT": "Cumprimento",
   "ar_AE": "تحية",
   "pt_BR": "Saluto",
   "tr": "Selamlama",
   "ja": "挨拶",
   "fi": "Tervehdys",
   "sk": "greeting",
   "iw": "בְּרָכָה",
   "ms": "Memberi salam",
   "hr": "Pozdrav",
   "vi": "Lời chào",
   "ca": "Salutació",
   "th": "ทักทาย",
   "pl": "Powitanie",
   "sv": "Hälsning",
   "id": "Salam",
   "ro": "Salut",
   "nl": "Groet",
   "ko": "인사",
   "el": "Χαιρετισμός",
   "it": "Saluto",
   "no": "Hilsen",
   "hi": "शुभकामना",
   "ru": "Приветствие"
 },
 {
   "section_id": 2,
   "category_id": 1,
   "priority": 200,
   "en_US": "Language",
   "de": "Sprache",
   "sw": "Lugha",
   "zh_CN": "语言",
   "da": "Sprog",
   "cs": "Jazyk",
   "en_AU": "Language",
   "zh_TW": "語言",
   "ar_SA": "لغة",
   "fr_CA": "Langue",
   "es_US": "Idioma",
   "fr_FR": "Langue",
   "en_UK": "Language",
   "es_MX": "Idioma",
   "es_ES": "Idioma",
   "hu": "Nyelv",
   "uk": "Мова",
   "ar_EG": "لغة",
   "zh_HK": "語",
   "pt_PT": "Língua",
   "ar_AE": "لغة",
   "pt_BR": "Idioma",
   "tr": "Dil",
   "ja": "言語",
   "fi": "Kieli",
   "sk": "Jazyk",
   "iw": "שפה",
   "ms": "Bahasa",
   "hr": "Jezik",
   "vi": "Ngôn ngữ",
   "ca": "Llengua",
   "th": "ภาษา",
   "pl": "Język",
   "sv": "Språk",
   "id": "Bahasa",
   "ro": "Limba",
   "nl": "Taal",
   "ko": "언어",
   "el": "Γλώσσα",
   "it": "Lingua",
   "no": "Språk",
   "hi": "भाषा",
   "ru": "Язык"
 },
 {
   "section_id": 3,
   "category_id": 1,
   "priority": 300,
   "en_US": "Money",
   "de": "Geld",
   "sw": "Fedha",
   "zh_CN": "钱",
   "da": "Penge",
   "cs": "Peníze",
   "en_AU": "Money",
   "zh_TW": "金錢",
   "ar_SA": "نقود",
   "fr_CA": "Argent",
   "es_US": "Dinero",
   "fr_FR": "Argent",
   "en_UK": "Money",
   "es_MX": "Dinero",
   "es_ES": "Dinero",
   "hu": "Pénz",
   "uk": "Гроші",
   "ar_EG": "نقود",
   "zh_HK": "錢",
   "pt_PT": "Dinheiro",
   "ar_AE": "نقود",
   "pt_BR": "Dinheiro",
   "tr": "Para",
   "ja": "お金",
   "fi": "Rahaa",
   "sk": "Peniaze",
   "iw": "כסף",
   "ms": "Wang",
   "hr": "Novac",
   "vi": "Tiền",
   "ca": "Diners",
   "th": "เงิน",
   "pl": "Pieniądze",
   "sv": "Pengar",
   "id": "Uang",
   "ro": "Bani",
   "nl": "Geld",
   "ko": "돈",
   "el": "Χρήματα",
   "it": "Soldi",
   "no": "Penger",
   "hi": "पैसे",
   "ru": "Деньги"
 },
 {
   "section_id": 4,
   "category_id": 1,
   "priority": 400,
   "en_US": "General",
   "de": "Allgemein",
   "sw": "Mkuu",
   "zh_CN": "一般",
   "da": "Generelle",
   "cs": "Obecné",
   "en_AU": "General",
   "zh_TW": "一般",
   "ar_SA": "عام",
   "fr_CA": "Général",
   "es_US": "General",
   "fr_FR": "Général",
   "en_UK": "General",
   "es_MX": "General",
   "es_ES": "General",
   "hu": "Általános",
   "uk": "Загальні",
   "ar_EG": "عام",
   "zh_HK": "一般",
   "pt_PT": "Geral",
   "ar_AE": "عام",
   "pt_BR": "Geral",
   "tr": "Genel",
   "ja": "一般的な",
   "fi": "Ehdot",
   "sk": "Všeobecné",
   "iw": "כללי",
   "ms": "Am",
   "hr": "Opće",
   "vi": "Tổng quát",
   "ca": "General",
   "th": "ทั่วไป",
   "pl": "Ogólne",
   "sv": "Allmänna",
   "id": "Umum",
   "ro": "Generale",
   "nl": "Algemeen",
   "ko": "일반",
   "el": "Γενική",
   "it": "Generale",
   "no": "Generelt",
   "hi": "सामान्य",
   "ru": "Общее"
 },
 {
   "section_id": 5,
   "category_id": 2,
   "priority": 100,
   "en_US": "Locations",
   "de": "Standorte",
   "sw": "Maeneo",
   "zh_CN": "地点",
   "da": "Steder",
   "cs": "Umístění",
   "en_AU": "Locations",
   "zh_TW": "地點",
   "ar_SA": "مواقع",
   "fr_CA": "Emplacements",
   "es_US": "Lugares",
   "fr_FR": "Emplacements",
   "en_UK": "Locations",
   "es_MX": "Lugares",
   "es_ES": "Lugares",
   "hu": "Helyek",
   "uk": "Розташування",
   "ar_EG": "مواقع",
   "zh_HK": "地點",
   "pt_PT": "Locais",
   "ar_AE": "مواقع",
   "pt_BR": "Locais",
   "tr": "Mekanlar",
   "ja": "場所",
   "fi": "Sijainnit",
   "sk": "Umiestnenie",
   "iw": "מיקומים",
   "ms": "Lokasi",
   "hr": "Lokacija",
   "vi": "Địa điểm",
   "ca": "Localitzacions",
   "th": "ตำแหน่งที่ตั้ง",
   "pl": "Lokalizacje",
   "sv": "Platser",
   "id": "Lokasi",
   "ro": "Localizări",
   "nl": "Locaties",
   "ko": "위치",
   "el": "Τοποθεσίες",
   "it": "Località",
   "no": "Steder",
   "hi": "स्थानों",
   "ru": "Места"
 },
 {
   "section_id": 7,
   "category_id": 2,
   "priority": 300,
   "en_US": "Taxis & Cars",
   "de": "Taxi & Mietwagen",
   "sw": "Teksi & amp",
   "zh_CN": " magari",
   "da": "计程车车站和汽车",
   "cs": "Taxier & biler",
   "en_AU": "Taxi a vozů",
   "zh_TW": "Taxis & Cars",
   "ar_SA": "計程車站和汽車",
   "fr_CA": "سيارات الأجرة والسيارات",
   "es_US": "Taxis et voitures",
   "fr_FR": "Taxis y coches",
   "en_UK": "Taxis et voitures",
   "es_MX": "Taxis & Cars",
   "es_ES": "Taxis y coches",
   "hu": "Taxis y coches",
   "uk": "Taxik és autók",
   "ar_EG": "Таксі & автомобілів",
   "zh_HK": "سيارات الأجرة والسيارات",
   "pt_PT": "計程車站和汽車",
   "ar_AE": "Táxis & carros",
   "pt_BR": "سيارات الأجرة والسيارات",
   "tr": "Táxis & carros",
   "ja": "Taksiler ve otomobiller",
   "fi": "タクシー ・車",
   "sk": "Taksit & autot",
   "iw": "Taxi & autá",
   "ms": "מוניות & מכוניות",
   "hr": "Teksi & Kereta",
   "vi": "Taksi i automobila",
   "ca": "Taxi Táº £ i & ã tã '",
   "th": "Els taxis i cotxes",
   "pl": "รถแท็กซี่และรถยนต์",
   "sv": "Taksówki i samochody",
   "id": "Taxi & bilar",
   "ro": "Taksi & Mobil",
   "nl": "Taxiuri & masini",
   "ko": "Taxi's & Auto's",
   "el": "택시 및 렌터카",
   "it": "Ταξί και αυτοκίνητα",
   "no": "Taxi & auto",
   "hi": "Drosjer og biler",
   "ru": "टैक्सियों और कारों",
   "FIELD47": "Такси и автомобили"
 },
 {
   "section_id": 8,
   "category_id": 2,
   "priority": 400,
   "en_US": "Public Transportation",
   "de": "Öffentliche Verkehrsmittel",
   "sw": "Usafiri wa umma",
   "zh_CN": "公共交通",
   "da": "Offentlig transport",
   "cs": "Veřejná doprava",
   "en_AU": "Public Transportation",
   "zh_TW": "公共交通",
   "ar_SA": "وسائل النقل العام",
   "fr_CA": "Transport en commun",
   "es_US": "Transporte público",
   "fr_FR": "Transport en commun",
   "en_UK": "Public Transportation",
   "es_MX": "Transporte público",
   "es_ES": "Transporte público",
   "hu": "Tömegközlekedési eszközökkel",
   "uk": "Громадський транспорт",
   "ar_EG": "وسائل النقل العام",
   "zh_HK": "公共交通",
   "pt_PT": "Transportes públicos",
   "ar_AE": "وسائل النقل العام",
   "pt_BR": "Transporte público",
   "tr": "Toplu taşıma",
   "ja": "公共交通機関",
   "fi": "Liikenneyhteydet",
   "sk": "Verejná doprava",
   "iw": "תחבורה ציבורית",
   "ms": "Pengangkutan awam",
   "hr": "Javni prijevoz",
   "vi": "Giao thông công cộng",
   "ca": "Transport públic",
   "th": "ระบบขนส่งสาธารณะ",
   "pl": "Transport publiczny",
   "sv": "Kollektivtrafik",
   "id": "Transportasi Umum",
   "ro": "Transport public",
   "nl": "Openbaar Vervoer",
   "ko": "대 중 교통",
   "el": "Δημόσιες συγκοινωνίες",
   "it": "Trasporto pubblico",
   "no": "Kollektivtransport",
   "hi": "सार्वजनिक परिवहन",
   "ru": "Общественный транспорт"
 },
 {
   "section_id": 9,
   "category_id": 2,
   "priority": 500,
   "en_US": "Arrivals & Departures",
   "de": "Ankünfte & Abflüge",
   "sw": "Waliofika & amp",
   "zh_CN": " watu walioondoka",
   "da": "到达和离开",
   "cs": "Ankomster & afgange",
   "en_AU": "Přílety a odlety",
   "zh_TW": "Arrivals & Departures",
   "ar_SA": "抵達和出發",
   "fr_CA": "عدد القادمين والمغادرين",
   "es_US": "Arrivées et départs",
   "fr_FR": "Llegadas y salidas",
   "en_UK": "Arrivées et départs",
   "es_MX": "Arrivals & Departures",
   "es_ES": "Llegadas y salidas",
   "hu": "Llegadas y salidas",
   "uk": "Érkezés és indulás",
   "ar_EG": "Прибуття і відправлення",
   "zh_HK": "عدد القادمين والمغادرين",
   "pt_PT": "到達和離開",
   "ar_AE": "Chegadas e partidas",
   "pt_BR": "عدد القادمين والمغادرين",
   "tr": "Chegadas e partidas",
   "ja": "Geliş ve gidiş",
   "fi": "到着と出発",
   "sk": "Arrivals & lähdöt",
   "iw": "Prílety & Odlety",
   "ms": "המראות ונחיתות",
   "hr": "Kedatangan & berlepas",
   "vi": "Dolasci i odlasci",
   "ca": "Arrivals và khởi hành",
   "th": "Sortides i arribades",
   "pl": "ขาเข้าและขาออก",
   "sv": "Przyloty i odloty",
   "id": "Ankomster & avgångar",
   "ro": "Kedatangan & Keberangkatan",
   "nl": "Sosiri & Plecări",
   "ko": "Aankomst & Vertrek",
   "el": "도착 및 출발",
   "it": "Αφίξεις & Αναχωρήσεις",
   "no": "Arrivi & partenze",
   "hi": "Ankomster og avganger",
   "ru": "आगमन और प्रस्थान",
   "FIELD47": "Прибытия и отправления"
 },
 {
   "section_id": 10,
   "category_id": 2,
   "priority": 600,
   "en_US": "Air Travel",
   "de": "Flugreisen",
   "sw": "Usafiri wa anga",
   "zh_CN": "空中旅行",
   "da": "Air Travel",
   "cs": "Cestování letadlem",
   "en_AU": "Air Travel",
   "zh_TW": "空中旅行",
   "ar_SA": "السفر جوا",
   "fr_CA": "Transport aérien",
   "es_US": "Viajes en avión",
   "fr_FR": "Transport aérien",
   "en_UK": "Air Travel",
   "es_MX": "Viajes en avión",
   "es_ES": "Viajes en avión",
   "hu": "Légi közlekedés",
   "uk": "Повітряним транспортом",
   "ar_EG": "السفر جوا",
   "zh_HK": "空中旅行",
   "pt_PT": "Viagens aéreas",
   "ar_AE": "السفر جوا",
   "pt_BR": "Viagens aéreas",
   "tr": "Hava yolculuğu",
   "ja": "空の旅",
   "fi": "Air Travel",
   "sk": "Cestovanie lietadlom",
   "iw": "טיסות",
   "ms": "Perjalanan udara",
   "hr": "Putovanje zrakoplovom",
   "vi": "Máy du lịch",
   "ca": "Transport aeri",
   "th": "เดินทางทางอากาศ",
   "pl": "Podróże lotnicze",
   "sv": "Flygresor",
   "id": "Perjalanan Udara",
   "ro": "Transportul aerian",
   "nl": "Reizen per vliegtuig",
   "ko": "항공 여행",
   "el": "Αεροπορικά ταξίδια",
   "it": "Viaggi aerei",
   "no": "Flyreiser",
   "hi": "हवाई यात्रा",
   "ru": "Путешествия по воздуху"
 },
 {
   "section_id": 11,
   "category_id": 2,
   "priority": 700,
   "en_US": "Customs & Immigration",
   "de": "Zoll_ und Einwanderungsabteilung",
   "sw": "Maalum & amp",
   "zh_CN": " Immigrations",
   "da": "海关和移民局",
   "cs": "Custom & indvandringer",
   "en_AU": "Vlastní & imigrace",
   "zh_TW": "Customs & Immigration",
   "ar_SA": "自訂和移民",
   "fr_CA": "المخصص والهجرة",
   "es_US": "Coutumes & immigration",
   "fr_FR": "Aduana e inmigración",
   "en_UK": "Coutumes & immigration",
   "es_MX": "Customs & Immigration",
   "es_ES": "Aduana e inmigración",
   "hu": "Aduana e inmigración",
   "uk": "Egyéni & határőröknek",
   "ar_EG": "& Настроювані імміграційних",
   "zh_HK": "المخصص والهجرة",
   "pt_PT": "自訂和移民",
   "ar_AE": "Serviços Aduaneiros & Imigração",
   "pt_BR": "المخصص والهجرة",
   "tr": "Imigração & Aduana",
   "ja": "Gümrük & göçmenlik",
   "fi": "税関 &移民",
   "sk": "Mukautettu & Immigrations",
   "iw": "Vlastná & Imigrácia",
   "ms": "מותאם אישית & ההג",
   "hr": "Kastam & Imigresen",
   "vi": "Prilagođena & doseljenja",
   "ca": "Tùy chỉnh & Immigrations",
   "th": "Migracions & personalitzada",
   "pl": "กำหนดเองและนการ์",
   "sv": "Kontrola celna i imigracja",
   "id": "Tull & Immigranter",
   "ro": "Adat & Imigrasi",
   "nl": "Vamă & imigrări",
   "ko": "Declaraties & Immigraties",
   "el": "사용자 정 및 이주",
   "it": "Προσαρμοσμένο & μεταναστεύσεις",
   "no": "Dogana & immigrazioni",
   "hi": "Egendefinert & innvandringer",
   "ru": "कस्टम & इमिग्रॆशन",
   "FIELD47": "Таможня и иммиграционная служба"
 },
 {
   "section_id": 12,
   "category_id": 3,
   "priority": 100,
   "en_US": "General",
   "de": "Allgemein",
   "sw": "Mkuu",
   "zh_CN": "一般",
   "da": "Generelle",
   "cs": "Obecné",
   "en_AU": "General",
   "zh_TW": "一般",
   "ar_SA": "عام",
   "fr_CA": "Général",
   "es_US": "General",
   "fr_FR": "Général",
   "en_UK": "General",
   "es_MX": "General",
   "es_ES": "General",
   "hu": "Általános",
   "uk": "Загальні",
   "ar_EG": "عام",
   "zh_HK": "一般",
   "pt_PT": "Geral",
   "ar_AE": "عام",
   "pt_BR": "Geral",
   "tr": "Genel",
   "ja": "一般的な",
   "fi": "Ehdot",
   "sk": "Všeobecné",
   "iw": "כללי",
   "ms": "Am",
   "hr": "Opće",
   "vi": "Tổng quát",
   "ca": "General",
   "th": "ทั่วไป",
   "pl": "Ogólne",
   "sv": "Allmänna",
   "id": "Umum",
   "ro": "Generale",
   "nl": "Algemeen",
   "ko": "일반",
   "el": "Γενική",
   "it": "Generale",
   "no": "Generelt",
   "hi": "सामान्य",
   "ru": "Общее"
 },
 {
   "section_id": 13,
   "category_id": 3,
   "priority": 200,
   "en_US": "Allergies & Asthma",
   "de": "Allergien und Asthma",
   "sw": "Allergy & amp",
   "zh_CN": " pumu",
   "da": "过敏和哮喘",
   "cs": "Allergi & astma",
   "en_AU": "Alergie a astma",
   "zh_TW": "Allergies & Asthma",
   "ar_SA": "過敏和哮喘",
   "fr_CA": "الحساسية والربو",
   "es_US": "Allergies & asthme",
   "fr_FR": "Alergias y asmas",
   "en_UK": "Allergies & asthme",
   "es_MX": "Allergies & Asthma",
   "es_ES": "Alergias y asmas",
   "hu": "Alergias y asmas",
   "uk": "Az allergiák és asztma",
   "ar_EG": "Алергії та астми",
   "zh_HK": "الحساسية والربو",
   "pt_PT": "過敏和哮喘",
   "ar_AE": "Alergias e asma",
   "pt_BR": "الحساسية والربو",
   "tr": "Alergias e asma",
   "ja": "Alerji ve astım",
   "fi": "アレルギーと喘息",
   "sk": "Allergiat ja astma",
   "iw": "Alergie a astma",
   "ms": "אלרגיות & אסטמה",
   "hr": "Alahan & asma",
   "vi": "Alergije i astma",
   "ca": "Dị ứng & hen suyễn",
   "th": "Al·lèrgia i asma",
   "pl": "โรคภูมิแพ้และโรคหอบหืด",
   "sv": "Alergie i astma",
   "id": "Allergier & astma",
   "ro": "Alergi & Asma",
   "nl": "Alergii si astm",
   "ko": "Allergieën & astma",
   "el": "알레르기 및 천식",
   "it": "Αλλεργιών & άσθματος",
   "no": "Allergie e asma",
   "hi": "Allergi & astma",
   "ru": "एलर्जी और अस्थमा",
   "FIELD47": "Аллергии и астмы"
 },
 {
   "section_id": 14,
   "category_id": 3,
   "priority": 300,
   "en_US": "Blood Type",
   "de": "Blut_Typ",
   "sw": "Aina ya damu",
   "zh_CN": "血型",
   "da": "Blodtype",
   "cs": "Krevní skupina",
   "en_AU": "Blood Type",
   "zh_TW": "血型",
   "ar_SA": "نوع الدم",
   "fr_CA": "Type de sang",
   "es_US": "Tipo de sangre",
   "fr_FR": "Type de sang",
   "en_UK": "Blood Type",
   "es_MX": "Tipo de sangre",
   "es_ES": "Tipo de sangre",
   "hu": "Vércsoport",
   "uk": "Група крові",
   "ar_EG": "نوع الدم",
   "zh_HK": "血型",
   "pt_PT": "Tipo de sangue",
   "ar_AE": "نوع الدم",
   "pt_BR": "Tipo de sangue",
   "tr": "Kan grubu",
   "ja": "血液型",
   "fi": "Veriryhmä",
   "sk": "Krvná skupina",
   "iw": "סוג דם",
   "ms": "Jenis darah",
   "hr": "Krvna grupa",
   "vi": "Máu",
   "ca": "Tipus de sang",
   "th": "กรุ๊ปเลือด",
   "pl": "Grupa krwi",
   "sv": "Blodgrupp",
   "id": "Golongan darah",
   "ro": "Grupă sanguină",
   "nl": "Bloedgroep",
   "ko": "혈액형",
   "el": "Τύπο αίματος",
   "it": "Gruppo sanguigno",
   "no": "Blodtype",
   "hi": "रक्त प्रकार",
   "ru": "Тип крови"
 },
 {
   "section_id": 15,
   "category_id": 3,
   "priority": 400,
   "en_US": "Judicial",
   "de": "Rechtlich",
   "sw": "Mahakama",
   "zh_CN": "司法",
   "da": "Retligt",
   "cs": "Soudní",
   "en_AU": "Judicial",
   "zh_TW": "司法",
   "ar_SA": "القضائي",
   "fr_CA": "Judiciaire",
   "es_US": "Legal",
   "fr_FR": "Judiciaire",
   "en_UK": "Judicial",
   "es_MX": "Legal",
   "es_ES": "Legal",
   "hu": "Bírósági",
   "uk": "Судова",
   "ar_EG": "القضائي",
   "zh_HK": "司法",
   "pt_PT": "Judicial",
   "ar_AE": "القضائي",
   "pt_BR": "Judicial",
   "tr": "Yargı",
   "ja": "司法",
   "fi": "Oikeudellisen",
   "sk": "Súdne",
   "iw": "שיפוטית",
   "ms": "Kehakiman",
   "hr": "Pravosudne",
   "vi": "Tư pháp",
   "ca": "Judicial",
   "th": "ยุติธรรม",
   "pl": "Sądowe",
   "sv": "Rättsligt",
   "id": "Peradilan",
   "ro": "Judiciare",
   "nl": "Justitiële",
   "ko": "사법",
   "el": "Δικαστική",
   "it": "Giudiziario",
   "no": "Juridisk",
   "hi": "न्यायिक",
   "ru": "Суд"
 },
 {
   "section_id": 16,
   "category_id": 4,
   "priority": 100,
   "en_US": "Check In",
   "de": "Check_In",
   "sw": "Ingia",
   "zh_CN": "登记",
   "da": "Tjek ind",
   "cs": "Přihlásit se",
   "en_AU": "Check In",
   "zh_TW": "登記",
   "ar_SA": "حجز",
   "fr_CA": "Date d'arrivée",
   "es_US": "Check_in",
   "fr_FR": "Date d'arrivée",
   "en_UK": "Check In",
   "es_MX": "Check_in",
   "es_ES": "Check_in",
   "hu": "bejelentkezés",
   "uk": "Реєструватися",
   "ar_EG": "حجز",
   "zh_HK": "登記",
   "pt_PT": "Fazer Check_in",
   "ar_AE": "حجز",
   "pt_BR": "Fazer Check_in",
   "tr": "Kayıt yaptırmak",
   "ja": "チェックイン",
   "fi": "Sisäänkirjaus",
   "sk": "vstupná kontrola",
   "iw": "כניסה",
   "ms": "periksa masuk",
   "hr": "prijaviti se",
   "vi": "Đăng ký",
   "ca": "Comprovar",
   "th": "เช็คอิน",
   "pl": "Zamelduj się",
   "sv": "Checka in",
   "id": "Daftar Masuk",
   "ro": "cazează_te",
   "nl": "Inchecken",
   "ko": "체크인",
   "el": "Πραγματοποίησε έλεγχο",
   "it": "Check_In",
   "no": "sjekk inn",
   "hi": "चेक इन करो",
   "ru": "Заезд в отель"
 },
 {
   "section_id": 17,
   "category_id": 4,
   "priority": 200,
   "en_US": "Make a reservation",
   "de": "Machen Sie eine Reservierung",
   "sw": "Kufanya reservation",
   "zh_CN": "预订",
   "da": "Lave en reservation",
   "cs": "Udělat rezervaci",
   "en_AU": "Make a reservation",
   "zh_TW": "預訂",
   "ar_SA": "اجراء حجز",
   "fr_CA": "Faire une réservation",
   "es_US": "Hacer una reserva",
   "fr_FR": "Faire une réservation",
   "en_UK": "Make a reservation",
   "es_MX": "Hacer una reserva",
   "es_ES": "Hacer una reserva",
   "hu": "Készítse el a foglalását",
   "uk": "Зробити замовлення",
   "ar_EG": "اجراء حجز",
   "zh_HK": "預訂",
   "pt_PT": "Fazer uma reserva",
   "ar_AE": "اجراء حجز",
   "pt_BR": "Fazer uma reserva",
   "tr": "Rezervasyon yapın",
   "ja": "予約",
   "fi": "Tee varaus",
   "sk": "Urobiť rezerváciu",
   "iw": "בהזמנת",
   "ms": "Membuat tempahan",
   "hr": "Za rezervaciju",
   "vi": "Đặt phòng",
   "ca": "Fer una reserva",
   "th": "สำรองห้องพัก",
   "pl": "Dokonaj rezerwacji",
   "sv": "Gör en bokning",
   "id": "Buat Pemesanan",
   "ro": "Face o rezervare",
   "nl": "Een reservering maken",
   "ko": "예약",
   "el": "Κάνετε κράτηση",
   "it": "Fare una prenotazione",
   "no": "Foreta en reservasjon",
   "hi": "एक आरक्षण करें",
   "ru": "Бронирование"
 },
 {
   "section_id": 18,
   "category_id": 5,
   "priority": 300,
   "en_US": "Basics",
   "de": "Grundlagen",
   "sw": "Misingi",
   "zh_CN": "基础",
   "da": "Grundlæggende",
   "cs": "Základy",
   "en_AU": "Basics",
   "zh_TW": "基礎知識",
   "ar_SA": "أساسيات",
   "fr_CA": "Notions de base",
   "es_US": "Conceptos básicos",
   "fr_FR": "Notions de base",
   "en_UK": "Basics",
   "es_MX": "Conceptos básicos",
   "es_ES": "Conceptos básicos",
   "hu": "Alapjai",
   "uk": "Основи",
   "ar_EG": "أساسيات",
   "zh_HK": "基礎知識",
   "pt_PT": "Noções básicas",
   "ar_AE": "أساسيات",
   "pt_BR": "Noções básicas",
   "tr": "Temeller",
   "ja": "基本",
   "fi": "Perusteet",
   "sk": "Základy",
   "iw": "יסודות",
   "ms": "Asas",
   "hr": "Osnove",
   "vi": "Khái niệm cơ bản",
   "ca": "Conceptes bàsics",
   "th": "ข้อมูลพื้นฐานเกี่ยวกับ",
   "pl": "Podstawy",
   "sv": "Grunderna",
   "id": "Dasar_dasar",
   "ro": "Elementele de bază",
   "nl": "Basisbegrippen",
   "ko": "기본 사항",
   "el": "Βασικά στοιχεία",
   "it": "Nozioni di base",
   "no": "Grunnleggende",
   "hi": "मूल बातें",
   "ru": "Основы"
 },
 {
   "section_id": 19,
   "category_id": 5,
   "priority": 400,
   "en_US": "Drinks",
   "de": "Getränke",
   "sw": "Vinywaji",
   "zh_CN": "饮料",
   "da": "Drinks",
   "cs": "Nápoje",
   "en_AU": "Drinks",
   "zh_TW": "飲料",
   "ar_SA": "المشروبات",
   "fr_CA": "Boissons",
   "es_US": "Bebidas",
   "fr_FR": "Boissons",
   "en_UK": "Drinks",
   "es_MX": "Bebidas",
   "es_ES": "Bebidas",
   "hu": "Italok",
   "uk": "Напої",
   "ar_EG": "المشروبات",
   "zh_HK": "飲料",
   "pt_PT": "Bebidas",
   "ar_AE": "المشروبات",
   "pt_BR": "Bebidas",
   "tr": "İçecekler",
   "ja": "ドリンク",
   "fi": "Juomia",
   "sk": "Nápoje",
   "iw": "משקאות",
   "ms": "Minuman",
   "hr": "Pića",
   "vi": "Đồ uống",
   "ca": "Begudes",
   "th": "เครื่องดื่ม",
   "pl": "Napoje",
   "sv": "Drycker",
   "id": "Minuman",
   "ro": "Băuturi",
   "nl": "Dranken",
   "ko": "음료",
   "el": "Ποτά",
   "it": "Bevande",
   "no": "Drinker",
   "hi": "पेय",
   "ru": "Напитки"
 },
 {
   "section_id": 20,
   "category_id": 5,
   "priority": 500,
   "en_US": "Allergies",
   "de": "Allergien",
   "sw": "Allergy",
   "zh_CN": "过敏",
   "da": "Allergi",
   "cs": "Alergie",
   "en_AU": "Allergies",
   "zh_TW": "過敏症",
   "ar_SA": "الحساسية",
   "fr_CA": "Allergies",
   "es_US": "Alergias",
   "fr_FR": "Allergies",
   "en_UK": "Allergies",
   "es_MX": "Alergias",
   "es_ES": "Alergias",
   "hu": "Allergia",
   "uk": "Алергії",
   "ar_EG": "الحساسية",
   "zh_HK": "過敏症",
   "pt_PT": "Alergias",
   "ar_AE": "الحساسية",
   "pt_BR": "Alergias",
   "tr": "Alerjiler",
   "ja": "アレルギー",
   "fi": "Allergiat",
   "sk": "Alergie",
   "iw": "אלרגיות",
   "ms": "Alahan",
   "hr": "Alergije",
   "vi": "Dị ứng",
   "ca": "Al lèrgies",
   "th": "โรคภูมิแพ้",
   "pl": "Alergie",
   "sv": "Allergier",
   "id": "Alergi",
   "ro": "Alergii",
   "nl": "Allergieën",
   "ko": "알레르기",
   "el": "Αλλεργίες",
   "it": "Allergie",
   "no": "Allergi",
   "hi": "एलर्जी",
   "ru": "Аллергии"
 },
 {
   "section_id": 21,
   "category_id": 6,
   "priority": 100,
   "en_US": "Basics",
   "de": "Grundlagen",
   "sw": "Misingi",
   "zh_CN": "基础",
   "da": "Grundlæggende",
   "cs": "Základy",
   "en_AU": "Basics",
   "zh_TW": "基礎知識",
   "ar_SA": "أساسيات",
   "fr_CA": "Notions de base",
   "es_US": "Conceptos básicos",
   "fr_FR": "Notions de base",
   "en_UK": "Basics",
   "es_MX": "Conceptos básicos",
   "es_ES": "Conceptos básicos",
   "hu": "Alapjai",
   "uk": "Основи",
   "ar_EG": "أساسيات",
   "zh_HK": "基礎知識",
   "pt_PT": "Noções básicas",
   "ar_AE": "أساسيات",
   "pt_BR": "Noções básicas",
   "tr": "Temel prensipler",
   "ja": "基本",
   "fi": "Perusteet",
   "sk": "Základy",
   "iw": "יסודות",
   "ms": "Asas_asas",
   "hr": "Osnove",
   "vi": "Khái niệm cơ bản",
   "ca": "Conceptes bàsics",
   "th": "ข้อมูลพื้นฐานเกี่ยวกับ",
   "pl": "Podstawy",
   "sv": "Grunderna",
   "id": "Dasar_dasar",
   "ro": "Elemente de bază",
   "nl": "Basisbegrippen",
   "ko": "기본 사항",
   "el": "Βασικά στοιχεία",
   "it": "Nozioni di base",
   "no": "Grunnleggende",
   "hi": "मूल बातें",
   "ru": "Основы"
 },
 {
   "section_id": 22,
   "category_id": 6,
   "priority": 200,
   "en_US": "Snacks",
   "de": "Snacks",
   "sw": "Vitafunio",
   "zh_CN": "零食",
   "da": "Snacks",
   "cs": "Občerstvení",
   "en_AU": "Snacks",
   "zh_TW": "小吃",
   "ar_SA": "وجبات خفيفة",
   "fr_CA": "Snacks",
   "es_US": "Aperitivos",
   "fr_FR": "Snacks",
   "en_UK": "Snacks",
   "es_MX": "Aperitivos",
   "es_ES": "Aperitivos",
   "hu": "Snack",
   "uk": "Закуски",
   "ar_EG": "وجبات خفيفة",
   "zh_HK": "小吃",
   "pt_PT": "Lanches",
   "ar_AE": "وجبات خفيفة",
   "pt_BR": "Lanches",
   "tr": "Aperatifler",
   "ja": "スナック",
   "fi": "Välipaloja",
   "sk": "Občerstvenie",
   "iw": "חטיפים",
   "ms": "Makanan ringan",
   "hr": "Grickalice",
   "vi": "Đồ ăn nhẹ",
   "ca": "Aperitius",
   "th": "อาหารว่าง",
   "pl": "Przekąski",
   "sv": "Snacks",
   "id": "Camilan",
   "ro": "Gustări",
   "nl": "Snacks",
   "ko": "스낵",
   "el": "Σνακ",
   "it": "Snack",
   "no": "Snacks",
   "hi": "नाश्ता",
   "ru": "Закуски"
 },
 {
   "section_id": 23,
   "category_id": 6,
   "priority": 300,
   "en_US": "Allergies",
   "de": "Allergien",
   "sw": "Allergy",
   "zh_CN": "过敏",
   "da": "Allergi",
   "cs": "Alergie",
   "en_AU": "Allergies",
   "zh_TW": "過敏症",
   "ar_SA": "الحساسية",
   "fr_CA": "Allergies",
   "es_US": "Alergias",
   "fr_FR": "Allergies",
   "en_UK": "Allergies",
   "es_MX": "Alergias",
   "es_ES": "Alergias",
   "hu": "Allergia",
   "uk": "Алергії",
   "ar_EG": "الحساسية",
   "zh_HK": "過敏症",
   "pt_PT": "Alergias",
   "ar_AE": "الحساسية",
   "pt_BR": "Alergias",
   "tr": "Alerjiler",
   "ja": "アレルギー",
   "fi": "Allergiat",
   "sk": "Alergie",
   "iw": "אלרגיות",
   "ms": "Alahan",
   "hr": "Alergije",
   "vi": "Dị ứng",
   "ca": "Al lèrgies",
   "th": "โรคภูมิแพ้",
   "pl": "Alergie",
   "sv": "Allergier",
   "id": "Alergi",
   "ro": "Alergii",
   "nl": "Allergieën",
   "ko": "알레르기",
   "el": "Αλλεργίες",
   "it": "allergie",
   "no": "Allergi",
   "hi": "एलर्जी",
   "ru": "Аллергии"
 },
 {
   "section_id": 24,
   "category_id": 7,
   "priority": 100,
   "en_US": "Products & Sections",
   "de": "Produkte & Bereiche",
   "sw": "Bidhaa & amp",
   "zh_CN": " sehemu",
   "da": "产品和部分",
   "cs": "Produkter & afsnit",
   "en_AU": "Produkty a oddíly",
   "zh_TW": "Products & Sections",
   "ar_SA": "產品部分",
   "fr_CA": "المنتجات والأقسام",
   "es_US": "Produits et Sections",
   "fr_FR": "Productos y secciones",
   "en_UK": "Produits et Sections",
   "es_MX": "Products & Sections",
   "es_ES": "Productos y secciones",
   "hu": "Productos y secciones",
   "uk": "Termékek & szakaszok",
   "ar_EG": "Продукти & розділи",
   "zh_HK": "المنتجات والأقسام",
   "pt_PT": "產品和部分",
   "ar_AE": "Produtos & Secções",
   "pt_BR": "المنتجات والأقسام",
   "tr": "Produtos & seções",
   "ja": "Ürünler ve bölümler",
   "fi": "製品・ セクション",
   "sk": "Tuotteet ja osat",
   "iw": "Produkty & sekcie",
   "ms": "מוצרים & חלקים",
   "hr": "Produk & Seksyen",
   "vi": "Proizvodi i dijelovi",
   "ca": "Sản phẩm & phần",
   "th": "Productes i seccions",
   "pl": "ผลิตภัณฑ์และส่วน",
   "sv": "Produkty i sekcje",
   "id": "Produkter & sektioner",
   "ro": "Produk & Bagian",
   "nl": "Produse & secțiuni",
   "ko": "Producten & Afdelingen",
   "el": "제품 및 섹션",
   "it": "Προϊόντα & τμήματα",
   "no": "Prodotti & sezioni",
   "hi": "Produkter & inndelinger",
   "ru": "उत्पाद & अनुभाग",
   "FIELD47": "Продукты и отделы"
 },
 {
   "section_id": 25,
   "category_id": 7,
   "priority": 200,
   "en_US": "Payment",
   "de": "Zahlung",
   "sw": "Malipo",
   "zh_CN": "付款",
   "da": "Betaling",
   "cs": "Platba",
   "en_AU": "Payment",
   "zh_TW": "付款",
   "ar_SA": "دفع",
   "fr_CA": "Paiement",
   "es_US": "Pago",
   "fr_FR": "Paiement",
   "en_UK": "Payment",
   "es_MX": "Pago",
   "es_ES": "Pago",
   "hu": "Fizetési",
   "uk": "Оплати",
   "ar_EG": "دفع",
   "zh_HK": "付款",
   "pt_PT": "Pagamento",
   "ar_AE": "دفع",
   "pt_BR": "Pagamento",
   "tr": "Ödeme",
   "ja": "お支払い",
   "fi": "Maksu",
   "sk": "Platba",
   "iw": "התשלום",
   "ms": "pembayaran",
   "hr": "Plaćanje",
   "vi": "Thanh toán",
   "ca": "Pagament",
   "th": "การชำระเงิน",
   "pl": "Płatność",
   "sv": "Betalning",
   "id": "Pembayaran",
   "ro": "Plată",
   "nl": "Betaling",
   "ko": "지불",
   "el": "Πληρωμή",
   "it": "Pagamento",
   "no": "Betaling",
   "hi": "भुगतान",
   "ru": "Оплата"
 },
 {
   "section_id": 26,
   "category_id": 8,
   "priority": 100,
   "en_US": "General",
   "de": "Allgemeine",
   "sw": "Mkuu",
   "zh_CN": "一般",
   "da": "Generelle",
   "cs": "Obecné",
   "en_AU": "General",
   "zh_TW": "一般",
   "ar_SA": "عام",
   "fr_CA": "Général",
   "es_US": "General",
   "fr_FR": "Général",
   "en_UK": "General",
   "es_MX": "General",
   "es_ES": "General",
   "hu": "Általános",
   "uk": "Загальні",
   "ar_EG": "عام",
   "zh_HK": "一般",
   "pt_PT": "Geral",
   "ar_AE": "عام",
   "pt_BR": "Geral",
   "tr": "Genel",
   "ja": "一般的な",
   "fi": "Ehdot",
   "sk": "Všeobecné",
   "iw": "כללי",
   "ms": "Am",
   "hr": "Opće",
   "vi": "Tổng quát",
   "ca": "General",
   "th": "ทั่วไป",
   "pl": "Ogólne",
   "sv": "Allmänna",
   "id": "Umum",
   "ro": "General",
   "nl": "Algemeen",
   "ko": "일반",
   "el": "Γενική",
   "it": "Generale",
   "no": "Generelt",
   "hi": "सामान्य",
   "ru": "Общее"
 },
 {
   "section_id": 27,
   "category_id": 8,
   "priority": 200,
   "en_US": "Connectivity",
   "de": "Verbindung",
   "sw": "Connectivity",
   "zh_CN": "链接",
   "da": "Connectivity",
   "cs": "Connectivity",
   "en_AU": "Connectivity",
   "zh_TW": "連接",
   "ar_SA": "الاتصال",
   "fr_CA": "Connectivité",
   "es_US": "Conectividad",
   "fr_FR": "Connectivité",
   "en_UK": "Connectivity",
   "es_MX": "Conectividad",
   "es_ES": "Conectividad",
   "hu": "Connectivity",
   "uk": "Connectivity",
   "ar_EG": "الاتصال",
   "zh_HK": "Connectivity",
   "pt_PT": "Conexão",
   "ar_AE": "الاتصال",
   "pt_BR": "Conectividade",
   "tr": "Connectivitiy",
   "ja": "接続",
   "fi": "Connectivity",
   "sk": "Connectivity",
   "iw": "Connectivity",
   "ms": "Connectivity",
   "hr": "Connectivity",
   "vi": "Connectivity",
   "ca": "Connectivity",
   "th": "Connectivitiy",
   "pl": "Łączność",
   "sv": "Anslutningar",
   "id": "Konektivitas",
   "ro": "Conectivitate",
   "nl": "Verbondenheid",
   "ko": "Connectivity",
   "el": "Connectivity",
   "it": "Connettività",
   "no": "Connectivity",
   "hi": "Connectivity",
   "ru": "Связь"
 },
 {
   "section_id": 28,
   "category_id": 8,
   "priority": 300,
   "en_US": "Charging",
   "de": "Aufladen",
   "sw": "Kumshutumu",
   "zh_CN": "充电",
   "da": "Opladning",
   "cs": "Nabíjení",
   "en_AU": "Charging",
   "zh_TW": "充電",
   "ar_SA": "الشحن",
   "fr_CA": "Chargement",
   "es_US": "Carga",
   "fr_FR": "Chargement",
   "en_UK": "Charging",
   "es_MX": "Carga",
   "es_ES": "Carga",
   "hu": "Töltés",
   "uk": "Зарядки",
   "ar_EG": "الشحن",
   "zh_HK": "充電",
   "pt_PT": "Carregamento",
   "ar_AE": "الشحن",
   "pt_BR": "Carregar",
   "tr": "Şarj etmek",
   "ja": "充電",
   "fi": "Lataaminen",
   "sk": "Nabíjanie",
   "iw": "טעינה",
   "ms": "Mengecas",
   "hr": "Punjenje",
   "vi": "Sạc pin",
   "ca": "Càrrega",
   "th": "ชาร์จ",
   "pl": "Ładowanie",
   "sv": "Laddning",
   "id": "Pengisian Daya",
   "ro": "Încărcare",
   "nl": "Opladen",
   "ko": "충전",
   "el": "Φόρτιση",
   "it": "Ricarica",
   "no": "Lading",
   "hi": "चार्ज",
   "ru": "Зарядка"
 },
 {
   "section_id": 29,
   "category_id": 8,
   "priority": 400,
   "en_US": "Phone",
   "de": "Telefon",
   "sw": "Simu",
   "zh_CN": "电话",
   "da": "Telefon",
   "cs": "Telefon",
   "en_AU": "Phone",
   "zh_TW": "電話",
   "ar_SA": "هاتف",
   "fr_CA": "Téléphone",
   "es_US": "Teléfono",
   "fr_FR": "Téléphone",
   "en_UK": "Phone",
   "es_MX": "Teléfono",
   "es_ES": "Teléfono",
   "hu": "Telefon",
   "uk": "Телефон",
   "ar_EG": "هاتف",
   "zh_HK": "電話",
   "pt_PT": "Telefone",
   "ar_AE": "هاتف",
   "pt_BR": "Telefone",
   "tr": "Telefon",
   "ja": "電話",
   "fi": "Puhelin",
   "sk": "Telefón",
   "iw": "טלפון",
   "ms": "Telefon",
   "hr": "Telefon",
   "vi": "Điện thoại",
   "ca": "Telèfon",
   "th": "โทรศัพท์",
   "pl": "Telefon",
   "sv": "Telefon",
   "id": "Ponsel",
   "ro": "Telefon",
   "nl": "Telefoon",
   "ko": "전화",
   "el": "Τηλέφωνο",
   "it": "Telefono",
   "no": "Telefon",
   "hi": "फोन",
   "ru": "Телефон"
 },
 {
   "section_id": 30,
   "category_id": 8,
   "priority": 500,
   "en_US": "Email",
   "de": "Email",
   "sw": "Barua pepe",
   "zh_CN": "电子邮件",
   "da": "E_mail",
   "cs": "E_mail",
   "en_AU": "Email",
   "zh_TW": "電子郵件",
   "ar_SA": "البريد الإلكتروني",
   "fr_CA": "Email",
   "es_US": "Correo electrónico",
   "fr_FR": "Email",
   "en_UK": "Email",
   "es_MX": "Correo electrónico",
   "es_ES": "Correo electrónico",
   "hu": "E_mailben",
   "uk": "Електронна пошта",
   "ar_EG": "البريد الإلكتروني",
   "zh_HK": "電子郵件",
   "pt_PT": "E_mail",
   "ar_AE": "البريد الإلكتروني",
   "pt_BR": "Email",
   "tr": "E_posta",
   "ja": "メール",
   "fi": "Sähköposti",
   "sk": "E_mailom",
   "iw": "דוא",
   "ms": "E_mel",
   "hr": "E_pošte",
   "vi": "Thư điện tử",
   "ca": "Correu electrònic",
   "th": "อีเมล",
   "pl": "Adres e_mail",
   "sv": "E_post",
   "id": "Email",
   "ro": "E_mail",
   "nl": "E_mail",
   "ko": "메일 주소",
   "el": "Ηλεκτρονικό ταχυδρομείο",
   "it": "Posta elettronica",
   "no": "E_post",
   "hi": "ई_मेल",
   "ru": "E_mail"
 },
 {
   "section_id": 31,
   "category_id": 8,
   "priority": 600,
   "en_US": "Messaging",
   "de": "Messaging",
   "sw": "Ujumbe",
   "zh_CN": "短信",
   "da": "Messaging",
   "cs": "Zasílání zpráv",
   "en_AU": "Messaging",
   "zh_TW": "消息",
   "ar_SA": "المراسلة",
   "fr_CA": "Messagerie",
   "es_US": "Mensajes",
   "fr_FR": "Messagerie",
   "en_UK": "Messaging",
   "es_MX": "Mensajes",
   "es_ES": "Mensajes",
   "hu": "Üzenetküldés",
   "uk": "Обмін повідомленнями",
   "ar_EG": "المراسلة",
   "zh_HK": "消息",
   "pt_PT": "Enviar mensagens",
   "ar_AE": "المراسلة",
   "pt_BR": "Mensagens",
   "tr": "İleti gönderme",
   "ja": "メッセージ",
   "fi": "Viestintä",
   "sk": "Správy",
   "iw": "העברת הודעות",
   "ms": "Mesej",
   "hr": "Poruka",
   "vi": "Nhắn tin",
   "ca": "Missatgeria",
   "th": "ส่งข้อความ",
   "pl": "Wiadomości",
   "sv": "Meddelanden",
   "id": "Pesan",
   "ro": "Mesaje",
   "nl": "Berichten",
   "ko": "메시징",
   "el": "Ανταλλαγή μηνυμάτων",
   "it": "Messaggistica",
   "no": "Meldinger",
   "hi": "संदेश सेवा",
   "ru": "Обмен сообщениями"
 },
 {
   "section_id": 32,
   "category_id": 8,
   "priority": 700,
   "en_US": "Lost Devices",
   "de": "Verlorene Geräte",
   "sw": "Vifaa waliopotea",
   "zh_CN": "失物",
   "da": "Tabt enheder",
   "cs": "Ztracená zařízení",
   "en_AU": "Lost Devices",
   "zh_TW": "遺失的物品",
   "ar_SA": "الأجهزة المفقودة",
   "fr_CA": "Appareils perdus",
   "es_US": "Dispositivos perdidos",
   "fr_FR": "Appareils perdus",
   "en_UK": "Lost Devices",
   "es_MX": "Dispositivos perdidos",
   "es_ES": "Dispositivos perdidos",
   "hu": "Elveszett eszközök",
   "uk": "Втрачені пристроїв",
   "ar_EG": "الأجهزة المفقودة",
   "zh_HK": "丟失的設備",
   "pt_PT": "Perdidos e achados",
   "ar_AE": "الأجهزة المفقودة",
   "pt_BR": "Dispositivos perdidos",
   "tr": "Kayıp cihazlar",
   "ja": "デバイスの紛失",
   "fi": "Kadonneissa laitteissa",
   "sk": "Stratených zariadení",
   "iw": "מכשירים אבודים",
   "ms": "Peranti hilang",
   "hr": "Izgubljenim uređajima",
   "vi": "Thiết bị bị mất",
   "ca": "Dispositius perduts",
   "th": "อุปกรณ์ที่สูญหาย",
   "pl": "Zgubione urządzenia",
   "sv": "Borttappade enheter",
   "id": "Kehilangan Perangkat",
   "ro": "Dispozitivele pierdute",
   "nl": "Verloren Apparaten",
   "ko": "손실 된 장치",
   "el": "Συσκευές που έχουν χαθεί",
   "it": "Dispositivi persi",
   "no": "Tapt enheter",
   "hi": "गुम डिवाइस",
   "ru": "Потерянные устройства"
 },
 {
   "section_id": 33,
   "category_id": 9,
   "priority": 100,
   "en_US": "Days",
   "de": "Tage",
   "sw": "Siku",
   "zh_CN": "天",
   "da": "Dage",
   "cs": "Dny",
   "en_AU": "Days",
   "zh_TW": "天",
   "ar_SA": "أيام",
   "fr_CA": "Jours",
   "es_US": "Días",
   "fr_FR": "Jours",
   "en_UK": "Days",
   "es_MX": "Días",
   "es_ES": "Días",
   "hu": "Nap",
   "uk": "Днів",
   "ar_EG": "أيام",
   "zh_HK": "天",
   "pt_PT": "Dias",
   "ar_AE": "أيام",
   "pt_BR": "Dias",
   "tr": "Gün",
   "ja": "日",
   "fi": "Päivää",
   "sk": "Dní",
   "iw": "ימים",
   "ms": "Hari",
   "hr": "Dana",
   "vi": "Ngày",
   "ca": "Dies",
   "th": "วัน",
   "pl": "Dni",
   "sv": "Dagar",
   "id": "Hari",
   "ro": "Zile",
   "nl": "Dagen",
   "ko": "일",
   "el": "Ημέρες",
   "it": "Giorni",
   "no": "Dager",
   "hi": "दिन",
   "ru": "Дни"
 },
 {
   "section_id": 34,
   "category_id": 9,
   "priority": 200,
   "en_US": "Months",
   "de": "Monate",
   "sw": "Miezi",
   "zh_CN": "月",
   "da": "Måneder",
   "cs": "Měsíce",
   "en_AU": "Months",
   "zh_TW": "月",
   "ar_SA": "أشهر",
   "fr_CA": "Mois",
   "es_US": "Meses",
   "fr_FR": "Mois",
   "en_UK": "Months",
   "es_MX": "Meses",
   "es_ES": "Meses",
   "hu": "Hónap",
   "uk": "Місяців",
   "ar_EG": "أشهر",
   "zh_HK": "幾個月",
   "pt_PT": "Meses",
   "ar_AE": "أشهر",
   "pt_BR": "Meses",
   "tr": "Ay",
   "ja": "月",
   "fi": "Kuukauden",
   "sk": "Mesiacov",
   "iw": "חודשים",
   "ms": "Bulan",
   "hr": "Mjeseca",
   "vi": "Vài tháng",
   "ca": "Mesos",
   "th": "เดือน",
   "pl": "Miesiące",
   "sv": "Månader",
   "id": "Bulan",
   "ro": "Luni",
   "nl": "Maanden",
   "ko": "개월",
   "el": "Μήνες",
   "it": "Mesi",
   "no": "Måneder",
   "hi": "महीनों",
   "ru": "Месяцы"
 },
 {
   "section_id": 35,
   "category_id": 9,
   "priority": 300,
   "en_US": "Time",
   "de": "Zeit",
   "sw": "Wakati",
   "zh_CN": "时间",
   "da": "Tid",
   "cs": "Čas",
   "en_AU": "Time",
   "zh_TW": "時間",
   "ar_SA": "وقت",
   "fr_CA": "Heure",
   "es_US": "Hora",
   "fr_FR": "Heure",
   "en_UK": "Time",
   "es_MX": "Hora",
   "es_ES": "Hora",
   "hu": "Idő",
   "uk": "Час",
   "ar_EG": "وقت",
   "zh_HK": "時間",
   "pt_PT": "Tempo",
   "ar_AE": "وقت",
   "pt_BR": "Hora",
   "tr": "Zaman",
   "ja": "時間",
   "fi": "Aika",
   "sk": "Čas",
   "iw": "זמן",
   "ms": "Masa",
   "hr": "Vrijeme",
   "vi": "Thời gian",
   "ca": "Temps",
   "th": "เวลา",
   "pl": "Czas",
   "sv": "Tid",
   "id": "Waktu",
   "ro": "Timp",
   "nl": "Tijd",
   "ko": "시간",
   "el": "Χρόνος",
   "it": "Ora",
   "no": "Tid",
   "hi": "समय",
   "ru": "Время"
 },
 {
   "section_id": 36,
   "category_id": 9,
   "priority": 400,
   "en_US": "Numbers",
   "de": "Nummern",
   "sw": "Namba",
   "zh_CN": "号码",
   "da": "Numre",
   "cs": "Čísla",
   "en_AU": "Numbers",
   "zh_TW": "數位",
   "ar_SA": "أرقام",
   "fr_CA": "Numéros",
   "es_US": "Números",
   "fr_FR": "Numéros",
   "en_UK": "Numbers",
   "es_MX": "Números",
   "es_ES": "Números",
   "hu": "Számok",
   "uk": "Цифри",
   "ar_EG": "أرقام",
   "zh_HK": "數位",
   "pt_PT": "Números",
   "ar_AE": "أرقام",
   "pt_BR": "Números",
   "tr": "Numaralar",
   "ja": "番号",
   "fi": "Numerot",
   "sk": "Čísla",
   "iw": "מספרים",
   "ms": "Nombor",
   "hr": "Brojevi",
   "vi": "Số điện thoại",
   "ca": "Números",
   "th": "หมายเลข",
   "pl": "Numery",
   "sv": "Nummer",
   "id": "Nomor",
   "ro": "Numere",
   "nl": "Nummers",
   "ko": "숫자",
   "el": "Αριθμοί",
   "it": "Numeri",
   "no": "Tall",
   "hi": "संख्याएँ",
   "ru": "Числа"
 },
 {
   "section_id": 37,
   "category_id": 1,
   "priority": 100,
   "en_US": "Basics",
   "de": "Grundlagen",
   "sw": "Misingi",
   "zh_CN": "基础",
   "da": "Grundlæggende",
   "cs": "Základy",
   "en_AU": "Basics",
   "zh_TW": "基礎知識",
   "ar_SA": "أساسيات",
   "fr_CA": "Notions de base",
   "es_US": "Conceptos básicos",
   "fr_FR": "Notions de base",
   "en_UK": "Basics",
   "es_MX": "Conceptos básicos",
   "es_ES": "Conceptos básicos",
   "hu": "Alapjai",
   "uk": "Основи",
   "ar_EG": "أساسيات",
   "zh_HK": "基礎知識",
   "pt_PT": "Noções básicas",
   "ar_AE": "أساسيات",
   "pt_BR": "Noções básicas",
   "tr": "Temel bilgiler",
   "ja": "基本",
   "fi": "Perusteet",
   "sk": "Základy",
   "iw": "יסודות",
   "ms": "Asas_asas",
   "hr": "Osnove",
   "vi": "Khái niệm cơ bản",
   "ca": "Conceptes bàsics",
   "th": "ข้อมูลพื้นฐานเกี่ยวกับ",
   "pl": "Podstawy",
   "sv": "Grunderna",
   "id": "Dasar_dasar",
   "ro": "Elemente de bază",
   "nl": "Basisbegrippen",
   "ko": "기본 사항",
   "el": "Βασικά στοιχεία",
   "it": "Nozioni di base",
   "no": "Grunnleggende",
   "hi": "मूल बातें",
   "ru": "Основы"
 },
 {
   "section_id": 38,
   "category_id": 1,
   "priority": 100,
   "en_US": "Directions",
   "de": "Richtungen",
   "sw": "Maelekezo",
   "zh_CN": "方向",
   "da": "Retninger",
   "cs": "Směry",
   "en_AU": "Directions",
   "zh_TW": "方向",
   "ar_SA": "اتجاهات",
   "fr_CA": "Directions",
   "es_US": "Instrucciones",
   "fr_FR": "Directions",
   "en_UK": "Directions",
   "es_MX": "Instrucciones",
   "es_ES": "Instrucciones",
   "hu": "Irányban",
   "uk": "Напрямки",
   "ar_EG": "اتجاهات",
   "zh_HK": "方向",
   "pt_PT": "Direções",
   "ar_AE": "اتجاهات",
   "pt_BR": "Orientações",
   "tr": "Yol tarifi",
   "ja": "方向",
   "fi": "Ohjeet",
   "sk": "Smery",
   "iw": "כיוונים",
   "ms": "Arahan_arahan",
   "hr": "Upute za vozače",
   "vi": "Chỉ dẫn đường",
   "ca": "Direccions",
   "th": "ทิศทาง",
   "pl": "Wskazówki",
   "sv": "Vägbeskrivning",
   "id": "Arah",
   "ro": "Direcții",
   "nl": "Routebeschrijving",
   "ko": "오시는 길",
   "el": "Κατευθύνσεις",
   "it": "Indicazioni",
   "no": "Retninger",
   "hi": "दिशा_निर्देश",
   "ru": "Направления"
 },
 {
   "section_id": 40,
   "category_id": 10,
   "priority": 300,
   "en_US": "School/classroom",
   "de": "Schule / Klassenzimmer",
   "sw": "Shule / darasa",
   "zh_CN": "学校/教室",
   "da": "Skole / klasseværelse",
   "cs": "Škola / učebna",
   "en_AU": "School/classroom",
   "zh_TW": "學校/教室",
   "ar_SA": "المدرسة / الفصل",
   "fr_CA": "École / salle de classe",
   "es_US": "School/classroom",
   "fr_FR": "École / salle de classe",
   "en_UK": "School/classroom",
   "es_MX": "Escuela / aula",
   "es_ES": "Escuela / aula",
   "hu": "Iskola / tanterem",
   "uk": "Школа / клас",
   "ar_EG": "المدرسة / الفصل",
   "zh_HK": "学校/教室",
   "pt_PT": "Escola / sala de aula",
   "ar_AE": "المدرسة / الفصل",
   "pt_BR": "Scuola / aula",
   "tr": "Okul / sınıf",
   "ja": "学校/教室",
   "fi": "Koulu / luokkahuone",
   "sk": "Škola / učebňa",
   "iw": "בית ספר / כיתה",
   "ms": "Sekolah / bilik darjah",
   "hr": "Škola / učionica",
   "vi": "Trường học / lớp học",
   "ca": "Escola / aula",
   "th": "โรงเรียน / ห้องเรียน",
   "pl": "Szkoła / klasa",
   "sv": "Skola / klassrum",
   "id": "Sekolah / ruang kelas",
   "ro": "Școală / clasă",
   "nl": "School / klas",
   "ko": "학교 / 교실",
   "el": "Σχολείο / τάξη",
   "it": "Scuola / aula",
   "no": "Skole / klasserom",
   "hi": "स्कूल / कक्षा",
   "ru": "Школа / класс"
 },
 {
   "section_id": 41,
   "category_id": 10,
   "priority": 300,
   "en_US": "University ",
   "de": "Есть ли уступка?",
   "sw": "chuo kikuu '",
   "zh_CN": "大学'",
   "da": "universitet'",
   "cs": "univerzita'",
   "en_AU": "university",
   "zh_TW": "大學",
   "ar_SA": "جامعة",
   "fr_CA": "Université",
   "es_US": "university",
   "fr_FR": "Université",
   "en_UK": "university",
   "es_MX": "Universidad",
   "es_ES": "Universidad",
   "hu": "egyetemi",
   "uk": "університет",
   "ar_EG": "جامعة",
   "zh_HK": "大学",
   "pt_PT": "universidade",
   "ar_AE": "جامعة",
   "pt_BR": "Università",
   "tr": "Üniversite",
   "ja": "大学",
   "fi": "yliopisto",
   "sk": "univerzita",
   "iw": "אוּנִיבֶרְסִיטָה",
   "ms": "universiti",
   "hr": "sveučilište",
   "vi": "trường đại học",
   "ca": "universitat",
   "th": "มหาวิทยาลัย",
   "pl": "Uniwersytet",
   "sv": "universitet",
   "id": "Universitas",
   "ro": "universitate",
   "nl": "Universiteit",
   "ko": "대학",
   "el": "πανεπιστήμιο",
   "it": "Università",
   "no": "universitet",
   "hi": "विश्वविद्यालय",
   "ru": "Университет"
 },
 {
   "section_id": 42,
   "category_id": 10,
   "priority": 300,
   "en_US": "Hostel",
   "de": "Herberge",
   "sw": "Hosteli",
   "zh_CN": "旅馆",
   "da": "Vandrerhjem",
   "cs": "Hostel",
   "en_AU": "Hostel",
   "zh_TW": "旅館",
   "ar_SA": "نزل",
   "fr_CA": "Hôtel",
   "es_US": "Hostel",
   "fr_FR": "Hôtel",
   "en_UK": "Hostel",
   "es_MX": "Hostal",
   "es_ES": "Hostal",
   "hu": "Diákszálló",
   "uk": "Хостел",
   "ar_EG": "نزل",
   "zh_HK": "旅馆",
   "pt_PT": "Hostel",
   "ar_AE": "نزل",
   "pt_BR": "Ostello",
   "tr": "Pansiyon",
   "ja": "ホステル",
   "fi": "Hostelli",
   "sk": "Ubytovňa",
   "iw": "הוסטל",
   "ms": "Asrama",
   "hr": "Hostel",
   "vi": "Nhà trọ",
   "ca": "Alberg",
   "th": "ที่พัก",
   "pl": "Schronisko",
   "sv": "Vandrarhem",
   "id": "Asrama",
   "ro": "Hostel",
   "nl": "Herberg",
   "ko": "호스텔",
   "el": "Ξενοδοχείο",
   "it": "Ostello",
   "no": "Vandrerhjem",
   "hi": "छात्रावास",
   "ru": "Общежитие"
 },
 {
   "section_id": 43,
   "category_id": 11,
   "priority": 300,
   "en_US": "SIGHTSEEING",
   "de": "BESICHTIGUNG",
   "sw": "KUANGALIA",
   "zh_CN": "观光景点",
   "da": "SIGHTSEEING",
   "cs": "PROHLÍŽENÍ PAMÁTEK",
   "en_AU": "SIGHTSEEING",
   "zh_TW": "觀光景點",
   "ar_SA": "معالم المدينة",
   "fr_CA": "TOURISME",
   "es_US": "TURISMO",
   "fr_FR": "TOURISME",
   "en_UK": "SIGHTSEEING",
   "es_MX": "TURISMO",
   "es_ES": "TURISMO",
   "hu": "VÁROSNÉZÉS",
   "uk": "ПАМ'ЯТКИ",
   "ar_EG": "معالم المدينة",
   "zh_HK": "觀光景點",
   "pt_PT": "PASSEIOS TURÍSTICOS",
   "ar_AE": "معالم المدينة",
   "pt_BR": "DA VISITARE",
   "tr": "GEZİ",
   "ja": "観光",
   "fi": "KIERTOAJELU",
   "sk": "VYHLIADKY",
   "iw": "סִיוּר",
   "ms": "BERSIAR_SIAR",
   "hr": "RAZGLEDAVANJE",
   "vi": "THAM QUAN",
   "ca": "VISITAMENT",
   "th": "สถานที่ท่องเที่ยว",
   "pl": "ZWIEDZANIE",
   "sv": "SIGHTSEEING",
   "id": "MELIHAT_LIHAT",
   "ro": "TURISTIC",
   "nl": "BEZIENSWAARDIGHEDEN BEKIJKEN",
   "ko": "관광",
   "el": "ΠΕΡΙΟΔΕΙΑ ΕΙΣ ΑΞΙΟΘΕΑΤΑ ΜΕΡΗ",
   "it": "DA VISITARE",
   "no": "Sightseeing",
   "hi": "पर्यटन स्थलों का भ्रमण",
   "ru": "ЭКСКУРСИИ"
 },
 {
   "section_id": 44,
   "category_id": 11,
   "priority": 300,
   "en_US": "Newspaper",
   "de": "Zeitung",
   "sw": "Gazeti",
   "zh_CN": "报纸",
   "da": "Avis",
   "cs": "Noviny",
   "en_AU": "Newspaper",
   "zh_TW": "報紙",
   "ar_SA": "جريدة",
   "fr_CA": "Journal",
   "es_US": "Periódico",
   "fr_FR": "Journal",
   "en_UK": "Newspaper",
   "es_MX": "Periódico",
   "es_ES": "Periódico",
   "hu": "Újság",
   "uk": "Газета",
   "ar_EG": "جريدة",
   "zh_HK": "报纸",
   "pt_PT": "Jornal",
   "ar_AE": "جريدة",
   "pt_BR": "Giornale",
   "tr": "Gazete",
   "ja": "新聞",
   "fi": "Sanomalehti",
   "sk": "Noviny",
   "iw": "עיתון",
   "ms": "Surat khabar",
   "hr": "Novine",
   "vi": "Báo chí",
   "ca": "Diari",
   "th": "หนังสือพิมพ์",
   "pl": "Gazeta",
   "sv": "Tidning",
   "id": "Koran",
   "ro": "Ziar",
   "nl": "Krant",
   "ko": "신문",
   "el": "Εφημερίδα",
   "it": "Giornale",
   "no": "Avis",
   "hi": "अखबार",
   "ru": "Газета"
 },
 {
   "section_id": 45,
   "category_id": 11,
   "priority": 300,
   "en_US": "Park",
   "de": "Park",
   "sw": "Hifadhi",
   "zh_CN": "公园",
   "da": "Parkere",
   "cs": "Park",
   "en_AU": "Park",
   "zh_TW": "公園",
   "ar_SA": "منتزه",
   "fr_CA": "parc",
   "es_US": "Parque",
   "fr_FR": "parc",
   "en_UK": "Park",
   "es_MX": "Parque",
   "es_ES": "Parque",
   "hu": "Park",
   "uk": "Парк",
   "ar_EG": "منتزه",
   "zh_HK": "公园",
   "pt_PT": "Parque",
   "ar_AE": "منتزه",
   "pt_BR": "Parco",
   "tr": "Park",
   "ja": "パーク",
   "fi": "Pysäköidä",
   "sk": "Park",
   "iw": "פַּארק",
   "ms": "Taman",
   "hr": "Park",
   "vi": "công viên",
   "ca": "Parc",
   "th": "สวน",
   "pl": "Park",
   "sv": "Parkera",
   "id": "Taman",
   "ro": "Parc",
   "nl": "Park",
   "ko": "공원",
   "el": "Πάρκο",
   "it": "Parco",
   "no": "Parkere",
   "hi": "पार्क",
   "ru": "Парк"
 },
 {
   "section_id": 46,
   "category_id": 11,
   "priority": 300,
   "en_US": "Sport",
   "de": "sport",
   "sw": "mchezo",
   "zh_CN": "运动",
   "da": "Sport",
   "cs": "Sport",
   "en_AU": "Sport",
   "zh_TW": "運動",
   "ar_SA": "رياضة",
   "fr_CA": "sport",
   "es_US": "Deporte",
   "fr_FR": "sport",
   "en_UK": "Sport",
   "es_MX": "Deporte",
   "es_ES": "Deporte",
   "hu": "Sport",
   "uk": "Спорт",
   "ar_EG": "رياضة",
   "zh_HK": "运动",
   "pt_PT": "Esporte",
   "ar_AE": "رياضة",
   "pt_BR": "Sport",
   "tr": "Spor",
   "ja": "スポーツ",
   "fi": "Urheilu",
   "sk": "Šport",
   "iw": "ספּוֹרט",
   "ms": "Sukan",
   "hr": "Sport",
   "vi": "Thể thao",
   "ca": "Esport",
   "th": "กีฬา",
   "pl": "Sport",
   "sv": "Sport",
   "id": "Olahraga",
   "ro": "Sport",
   "nl": "Sport",
   "ko": "스포츠",
   "el": "Αθλημα",
   "it": "Sport",
   "no": "Sport",
   "hi": "खेल",
   "ru": "Спорт"
 },
 {
   "section_id": 47,
   "category_id": 12,
   "priority": 300,
   "en_US": "Direction",
   "de": "Richtung",
   "sw": "Mwelekeo",
   "zh_CN": "方向",
   "da": "Retning",
   "cs": "Směr",
   "en_AU": "Direction",
   "zh_TW": "方向",
   "ar_SA": "اتجاه",
   "fr_CA": "Direction",
   "es_US": "Dirección",
   "fr_FR": "Direction",
   "en_UK": "Direction",
   "es_MX": "Dirección",
   "es_ES": "Dirección",
   "hu": "Irány",
   "uk": "Напрямок",
   "ar_EG": "اتجاه",
   "zh_HK": "方向",
   "pt_PT": "Direção",
   "ar_AE": "اتجاه",
   "pt_BR": "Direzione",
   "tr": "Yön",
   "ja": "方向",
   "fi": "Suunta",
   "sk": "Smer",
   "iw": "כיוון",
   "ms": "Arah",
   "hr": "Smjer",
   "vi": "Phương hướng",
   "ca": "Direcció",
   "th": "ทิศทาง",
   "pl": "Kierunek",
   "sv": "Riktning",
   "id": "Arah",
   "ro": "Direcţie",
   "nl": "Richting",
   "ko": "방향",
   "el": "Κατεύθυνση",
   "it": "Direzione",
   "no": "Retning",
   "hi": "दिशा",
   "ru": "Направление"
 },
 {
   "section_id": 48,
   "category_id": 12,
   "priority": 300,
   "en_US": "Country ",
   "de": "Land",
   "sw": "Nchi",
   "zh_CN": "国家",
   "da": "Land",
   "cs": "Země",
   "en_AU": "Country ",
   "zh_TW": "國家",
   "ar_SA": "بلد",
   "fr_CA": "Pays",
   "es_US": "País",
   "fr_FR": "Pays",
   "en_UK": "Country ",
   "es_MX": "País",
   "es_ES": "País",
   "hu": "Ország",
   "uk": "Країна",
   "ar_EG": "بلد",
   "zh_HK": "國家",
   "pt_PT": "País",
   "ar_AE": "بلد",
   "pt_BR": "Nazione",
   "tr": "Ülke",
   "ja": "国",
   "fi": "Maa",
   "sk": "Krajina",
   "iw": "מדינה",
   "ms": "Negara",
   "hr": "Zemlja",
   "vi": "Quốc gia",
   "ca": "País",
   "th": "ประเทศ",
   "pl": "Kraj",
   "sv": "Land",
   "id": "Negara",
   "ro": "Țară",
   "nl": "Land",
   "ko": "국가",
   "el": "Χώρα",
   "it": "Nazione",
   "no": "Land",
   "hi": "देश",
   "ru": "Страна"
 },
 {
   "section_id": 49,
   "category_id": 12,
   "priority": 300,
   "en_US": "Bank",
   "de": "Bank",
   "sw": "Benki",
   "zh_CN": "银行",
   "da": "Bank",
   "cs": "banka",
   "en_AU": "Bank",
   "zh_TW": "銀行",
   "ar_SA": "مصرف",
   "fr_CA": "Banque",
   "es_US": "Banco",
   "fr_FR": "Banque",
   "en_UK": "Bank",
   "es_MX": "Banco",
   "es_ES": "Banco",
   "hu": "Bank",
   "uk": "Банку",
   "ar_EG": "مصرف",
   "zh_HK": "銀行",
   "pt_PT": "Banco",
   "ar_AE": "مصرف",
   "pt_BR": "Banca",
   "tr": "Banka",
   "ja": "バンク",
   "fi": "Pankki",
   "sk": "breh",
   "iw": "בַּנק",
   "ms": "Bank",
   "hr": "Banka",
   "vi": "ngân hàng",
   "ca": "Banc",
   "th": "ธนาคาร",
   "pl": "Bank",
   "sv": "Bank",
   "id": "Bank",
   "ro": "bancă",
   "nl": "Bank",
   "ko": "은행",
   "el": "Τράπεζα",
   "it": "Banca",
   "no": "Bank",
   "hi": "बैंक",
   "ru": "Банка"
 },
 {
   "section_id": 50,
   "category_id": 13,
   "priority": 300,
   "en_US": "Passport",
   "de": "Reisepass",
   "sw": "Pasipoti",
   "zh_CN": "护照",
   "da": "Pas",
   "cs": "Cestovní pas",
   "en_AU": "Passport",
   "zh_TW": "護照",
   "ar_SA": "جواز سفر",
   "fr_CA": "Passeport",
   "es_US": "Pasaporte",
   "fr_FR": "Passeport",
   "en_UK": "Passport",
   "es_MX": "Pasaporte",
   "es_ES": "Pasaporte",
   "hu": "Útlevél",
   "uk": "Паспорт",
   "ar_EG": "جواز سفر",
   "zh_HK": "護照",
   "pt_PT": "Passaporte",
   "ar_AE": "جواز سفر",
   "pt_BR": "Passaporto",
   "tr": "Pasaport",
   "ja": "パスポート",
   "fi": "Passi",
   "sk": "Cestovný pas",
   "iw": "דַרכּוֹן",
   "ms": "Pasport",
   "hr": "Putovnica",
   "vi": "Hộ chiếu",
   "ca": "Passaport",
   "th": "หนังสือเดินทาง",
   "pl": "Paszport",
   "sv": "Pass",
   "id": "Paspor",
   "ro": "Pașaport",
   "nl": "Paspoort",
   "ko": "여권",
   "el": "Διαβατήριο",
   "it": "Passaporto",
   "no": "Pass",
   "hi": "पासपोर्ट",
   "ru": "Заграничный пасспорт"
 },
 {
   "section_id": 51,
   "category_id": 13,
   "priority": 300,
   "en_US": "Crime",
   "de": "Kriminalität",
   "sw": "Uhalifu",
   "zh_CN": "犯罪",
   "da": "Forbrydelse",
   "cs": "Zločin",
   "en_AU": "Crime",
   "zh_TW": "犯罪",
   "ar_SA": "جريمة",
   "fr_CA": "la criminalité",
   "es_US": "Crimen",
   "fr_FR": "la criminalité",
   "en_UK": "Crime",
   "es_MX": "Crimen",
   "es_ES": "Crimen",
   "hu": "Bűn",
   "uk": "Злочинність",
   "ar_EG": "جريمة",
   "zh_HK": "犯罪",
   "pt_PT": "Crime",
   "ar_AE": "جريمة",
   "pt_BR": "Crimine",
   "tr": "Suç",
   "ja": "犯罪",
   "fi": "Rikos",
   "sk": "Zločin",
   "iw": "פֶּשַׁע",
   "ms": "Jenayah",
   "hr": "Zločin",
   "vi": "Tội ác",
   "ca": "Delinqüència",
   "th": "อาชญากรรม",
   "pl": "Przestępstwo",
   "sv": "Brottslighet",
   "id": "Kejahatan",
   "ro": "Crima",
   "nl": "Misdrijf",
   "ko": "범죄",
   "el": "Εγκλημα",
   "it": "Crimine",
   "no": "Forbrytelse",
   "hi": "अपराध",
   "ru": "Преступность"
 },
 {
   "section_id": 52,
   "category_id": 13,
   "priority": 300,
   "en_US": "Help",
   "de": "Hilfe",
   "sw": "Msaada",
   "zh_CN": "救命",
   "da": "Hjælp",
   "cs": "Pomoc",
   "en_AU": "Help",
   "zh_TW": "救命",
   "ar_SA": "مساعدة",
   "fr_CA": "Aidez_moi",
   "es_US": "Ayuda",
   "fr_FR": "Aidez_moi",
   "en_UK": "Help",
   "es_MX": "Ayuda",
   "es_ES": "Ayuda",
   "hu": "Segítség",
   "uk": "Допомога",
   "ar_EG": "مساعدة",
   "zh_HK": "救命",
   "pt_PT": "Socorro",
   "ar_AE": "مساعدة",
   "pt_BR": "Aiuto",
   "tr": "Yardım",
   "ja": "助けて",
   "fi": "auta",
   "sk": "Pomoc",
   "iw": "עֶזרָה",
   "ms": "Tolonglah",
   "hr": "Pomozite",
   "vi": "Cứu giúp",
   "ca": "Ajuda",
   "th": "ช่วยด้วย",
   "pl": "Wsparcie",
   "sv": "Hjälp",
   "id": "Tolong",
   "ro": "Ajutor",
   "nl": "Helpen",
   "ko": "도움",
   "el": "Βοήθεια",
   "it": "Aiuto",
   "no": "Hjelp",
   "hi": "मदद",
   "ru": "Помогите"
 },
 {
   "section_id": 53,
   "category_id": 4,
   "priority": 500,
   "en_US": "Accommodation",
   "de": "Unterkunft",
   "sw": "Malazi",
   "zh_CN": "住所",
   "da": "Indkvartering",
   "cs": "Ubytování",
   "en_AU": "Accommodation",
   "zh_TW": "住所",
   "ar_SA": "الإقامة",
   "fr_CA": "Hébergement",
   "es_US": "Alojamiento",
   "fr_FR": "Hébergement",
   "en_UK": "Accommodation",
   "es_MX": "Alojamiento",
   "es_ES": "Alojamiento",
   "hu": "Szállás",
   "uk": "Проживання",
   "ar_EG": "الإقامة",
   "zh_HK": "住所",
   "pt_PT": "Alojamento",
   "ar_AE": "الإقامة",
   "pt_BR": "Alloggio",
   "tr": "Konaklama",
   "ja": "宿泊施設",
   "fi": "Majoitus",
   "sk": "Ubytovanie",
   "iw": "דִיוּר",
   "ms": "Penginapan",
   "hr": "Smještaj",
   "vi": "Chỗ ở",
   "ca": "Allotjament",
   "th": "ที่พัก",
   "pl": "Nocleg",
   "sv": "boende",
   "id": "Akomodasi",
   "ro": "Cazare",
   "nl": "Accommodatie",
   "ko": "적응",
   "el": "Κατάλυμα",
   "it": "Alloggio",
   "no": "Overnatting",
   "hi": "निवास",
   "ru": "Жилье"
 },
 {
   "section_id": 54,
   "category_id": 2,
   "priority": 500,
   "en_US": "Reservations & Tickets",
   "de": "Reservierungen & Tickets",
   "sw": "Kutoridhishwa na Tiketi",
   "zh_CN": "预订和票",
   "da": "Reservationer og billetter",
   "cs": "Rezervace a vstupenky",
   "en_AU": "Reservations & Tickets",
   "zh_TW": "預訂和票",
   "ar_SA": "الحجوزات والتذاكر",
   "fr_CA": "Réservations et billets",
   "es_US": "Reservas y entradas",
   "fr_FR": "Réservations et billets",
   "en_UK": "Reservations & Tickets",
   "es_MX": "Reservas y entradas",
   "es_ES": "Reservas y entradas",
   "hu": "Foglalások és jegyek",
   "uk": "Бронювання та квитки",
   "ar_EG": "الحجوزات والتذاكر",
   "zh_HK": "预订和票",
   "pt_PT": "Reservas e ingressos",
   "ar_AE": "الحجوزات والتذاكر",
   "pt_BR": "Prenotazioni e biglietti",
   "tr": "Rezervasyonlar ve Biletler",
   "ja": "予約とチケット",
   "fi": "Varaukset ja liput",
   "sk": "Rezervácie a letenky",
   "iw": "הזמנות וכרטיסים",
   "ms": "Tempahan & Tiket",
   "hr": "Rezervacije i ulaznice",
   "vi": "Đặt chỗ & vé",
   "ca": "Reserves i tiquets",
   "th": "การจองและตั๋ว",
   "pl": "Κρατήσεις & Εισιτήρια",
   "sv": "Bokningar och biljetter",
   "id": "Reservasi & Tiket",
   "ro": "Rezervări și bilete",
   "nl": "Reserveringen en tickets",
   "ko": "예약 및 티켓",
   "el": "Κρατήσεις & Εισιτήρια",
   "it": "Prenotazioni e biglietti",
   "no": "Reservasjoner og billetter",
   "hi": "आरक्षण और टिकट",
   "ru": "Бронирование и билеты"
 },
 {
   "section_id": 55,
   "category_id": 2,
   "priority": 500,
   "en_US": "On the Plane     ",
   "de": "Im Flugzeug",
   "sw": "Kwenye ndege",
   "zh_CN": "在飞机上",
   "da": "På flyet",
   "cs": "V letadle",
   "en_AU": "On the Plane",
   "zh_TW": "在飛機上",
   "ar_SA": "على متن الطائرة",
   "fr_CA": "Dans l'avion",
   "es_US": "En el avión",
   "fr_FR": "Dans l'avion",
   "en_UK": "On the Plane",
   "es_MX": "En el avión",
   "es_ES": "En el avión",
   "hu": "A repülőn",
   "uk": "В літаку",
   "ar_EG": "على متن الطائرة",
   "zh_HK": "在飞机上",
   "pt_PT": "No avião",
   "ar_AE": "على متن الطائرة",
   "pt_BR": "Sull'aereo",
   "tr": "Uçakta",
   "ja": "飛行機の中",
   "fi": "Lentokoneessa",
   "sk": "V lietadle",
   "iw": "על המטוס",
   "ms": "Di atas kapal terbang",
   "hr": "U avionu",
   "vi": "Trên máy bay",
   "ca": "A l'avió",
   "th": "บนเครื่องบิน",
   "pl": "W samolocie",
   "sv": "På planet",
   "id": "Di Pesawat",
   "ro": "In avion",
   "nl": "In het vliegtuig",
   "ko": "비행기에서",
   "el": "Στο αεροπλάνο",
   "it": "Sull'aereo",
   "no": "På flyet",
   "hi": "हवाई जहाज पर",
   "ru": "На самолете"
 }
]